0.0335554994014526,0.198763047594189,-0.101175540688745,0.0789280314075181,-0.00628986760431667,0.163922847289801,-0.132179282740014,-0.00889906495274228,-0.138377506916748,0.477840642077584,0.0722490236570418,-0.0688221254117079,0.179043444018739,-0.00847068099342059,-0.0160965922396785,0.0610665775359533,-0.0974307908375013,0.256848096838035,0.112403289524204,-0.00669136017418517,0.0470673037464649,0.278502627017564,-0.0513360892861892,-0.142253985407673,0.00547572157622324,-0.315575825523796,0.160690329006955,0.0356231889006361,0.395656607120859,0.293703814103506,-0.00178968813442588,-0.13822698742397,0.277624900855806,0.14718344474956,-0.0950372831787336,0.0590959371019175,0.293986781876659,-0.156826224072849,-0.240347104386633,-0.0832511492534371,-0.1732201315777,0.202781007343642,-0.316581547108179,0.15992146438746,-0.0254540574369405,0.150508143642152,-0.194808142549651,-0.12424762794961,0.0842226588578069,0.0364156421157255,-0.294710505880922,-0.0013594515526277,0.000759644432427246,0.329849062680579,-0.0589915886428372,0.0474114626545652,0.289924917489883,-0.0231736485079318,0.0604755228245856,0.0120367397031398,0.00408904344275321,-0.140183258830537,-0.0673607461459821,-0.341796678235835,-0.152511544845294,0.0259535878321826,0.0426949281021067,0.116718953777788,0.0193113280424426,0.022239591513827,-0.0274137718025516,0.0498136690423787,-0.176258505889749,0.214380202346186,-0.0638578172535085,-0.0764458227088514,-0.0848205449636644,-0.178988890062945,0.137897390584393,-0.191365793091909,0.00595376315543378,-0.0197778742918498,0.17071597041519,0.231155430180915,0.0717520413756082,-0.0670053014906434,0.083409846424478,-0.0320718047384688,-0.207724254862979,0.140257170418276,0.0344569019063228,0.0188394555079477,0.309256104334691,0.113499954735474,0.175792429298172,0.17915507673327,-0.0354812112508129,0.161476899476222,0.182439623431844,-0.393780554188453,0.101857352871495,0.0480336031363662,-0.283069642541467,0.207263463020833,-0.332603639891085,0.0813934238300855,-0.150288258945108,-0.0753122390566331,0.0929503929097514,-0.0429906864728022,0.269384766436857,0.115867969258195,-0.0640129628335477,0.364106182625303,-0.0875978657949882,-0.224815556587941,-0.29136844359307,-0.0943683148892891,0.203064622581028,-0.144020076266883,0.0270414286153811,0.0369047366049829,0.0480997780863842,-0.0435833155985441,0.305326075505799,-0.14888451780877,-0.114346906016987,-0.259956775677523
0.0309880690824763,0.0256039933648387,-0.125830447125532,0.213662127444066,0.129000213535726,-0.0278828420616896,0.00511147780960499,0.0943307797399721,-0.0590365267801048,-0.0266695904880999,0.163079454050832,0.169229387498206,0.0194573262797998,-0.106488825629094,-0.0176491686245149,-0.206696121800231,-0.158575895615924,-0.217434216299416,-0.00915056037962334,0.233739166271875,-0.111747774382767,-0.319266823764523,-0.0646972083054787,0.0964308722587263,-0.0109017938591349,0.0250593898373774,0.0802190044570643,0.164774685665512,0.0201163244667276,0.097383956244499,0.0447162626149782,-0.026331726539001,-0.310577687605978,-0.12396432638773,0.0344812917347209,-0.0575187614818148,-0.124525348590557,0.224856341372269,0.110850572689353,-9.94062146513708e-05,-0.0124643251094399,0.096400437002724,-0.184373689447628,0.0128311024133217,0.0523419685726148,0.0987970428947382,0.115533658277482,0.121275512627079,-0.0773320006196526,-0.151553371540855,0.099377868157636,-0.0409458416581729,0.0111092689504503,0.03271053086353,-0.14644153919399,0.0477012761351547,-0.105464940432714,-0.0153491531644346,-0.146398107318434,0.172469691279162,0.17801030544514,0.00736323483765219,-0.0646536415145352,0.175185592548333,0.187007953494013,0.0559952107739513,0.206638842896976,0.061247147268903,0.144836046630392,0.0395897408379013,-0.0388636347936181,-0.152195959423162,0.0365965657370729,-0.226751990676928,-0.0295247689760762,0.146765002853375,0.166781365820502,0.133575658769022,-0.0355908469271802,0.115784513128877,-0.101021508742506,0.0338184551781227,0.129842890586576,0.0407837091144417,-0.311472763536639,-0.019102609466108,0.347098812098211,-0.143310791935749,0.314090221867046,0.233435322745348,-0.0770753226708986,-0.017926259253787,0.00326593110455203,-0.0148830226050388,-0.124407278308566,-0.154690793460016,0.0452586973247448,0.0574986273426877,0.121858544413945,0.0187571138132421,0.25621335092835,0.0970388733637022,-0.227909752486378,-0.214853710234962,0.0208675386634153,0.233678452387545,0.052070626859005,0.00638889180464201,-0.126143749240437,0.101054907511066,0.0203911537299814,-0.226727842439014,-0.194060832657139,-0.189258076706207,0.128284890821807,0.232312734896168,0.11301680521631,-0.216840412659018,-0.132736881089485,0.057390141477102,-0.0829118465114668,0.115216124415549,-0.073806524320782,0.0081616867831328,-0.078040849121195,-0.0982828890347553,-0.105886937669716,0.00384176974428841
0.09383106915158,-0.104886867991366,-0.0378212193410454,-0.0583016316928119,0.1579918397743,0.182982120800451,-0.059310015623391,-0.0486544191472917,0.0523074208893967,0.0357562227228475,0.213542047735064,-0.383916086350908,-0.019080831706954,0.00486972520939171,0.115447254001696,0.0811291461127992,-0.0641282918510548,0.0747344125377867,-0.0431637228586269,-0.00447283987151661,-0.0320158196301761,-0.172745981285996,-0.222771349796621,-0.243854576026288,0.303104221725533,-0.200996300253398,0.0528903469060631,0.0438170297296887,0.106241556907339,-0.191509256250836,0.187747302970291,-0.358294802774239,0.0705961758779378,0.0887633855217966,-0.00853269781700537,0.135827749331657,0.226129664855823,-0.0547810811826877,0.197420607505257,-0.163510959777245,0.0450710624448149,0.124914148212276,-0.0630339875317792,0.157064167011474,-0.100593153166495,0.0767129483359937,0.0942601632804609,-0.154346297968698,0.279823982516615,0.0113192845107197,-0.382781190994289,-0.261419907421615,-0.176992790160361,-0.203936181578907,0.156437638021108,0.246775911249821,0.0196378005297033,-0.138182760595613,0.118403930639154,-0.169833047393513,-0.0794245143858734,0.214140851319758,0.165046646087985,-0.334153164283671,0.398738743756661,-0.1495982307225,0.115613646833078,0.191875559081356,-0.0668711986787547,0.0432366856754868,-0.021515419080884,-0.427387955280142,-0.089086930389003,0.0675839929129498,-0.00100621076450728,0.15131819318429,0.268622015934783,-0.00999792856139013,0.0176467689064619,0.114522620901163,-0.181530924464742,-0.11474889401791,0.207037021030388,0.158319562624783,-0.217746161638209,-0.296511492068937,0.161739908287211,0.0105539069096052,0.197076481791647,0.0712203891914926,0.244761129161637,0.0773581274071939,0.2221264483632,-0.00318590866512378,0.0164652170056664,-0.0148921546812665,0.0458789290308082,-0.0318346632764405,-0.0181155402720684,-0.0295941471715783,0.0271749255254434,0.0330833963054588,-0.0209871886630971,-0.0248034455894385,0.083276728430649,0.0989664790567416,0.0570881071018239,-0.0937288559995191,0.0219459609644955,-0.39170339429713,-0.0399194375534334,-0.0905804189395015,-0.149703748909934,0.21028699735793,-0.221825088483924,0.0918469065830565,-0.149982639737565,0.155937995101429,0.201671542205741,0.0464916196732188,0.121763416368692,-0.0366950910914649,0.193194005599866,-0.0675381499915762,0.323618292304181,0.0380331962801968,-0.106089536393056,-0.284280083506861
-0.139863121998549,0.0806031120988973,0.0523693485476946,0.14218441229058,-0.098384729754972,0.0153807278882354,0.0782410018195212,0.111905129347053,-0.0866131384986695,0.0958754248228666,-0.0877894787124874,-0.0357404362613245,-0.182874977007302,0.0890348266017592,-0.0391991966944709,0.238074243494302,0.0795123424783757,0.059063844555105,-0.123703175272695,-0.182896901122911,-0.220134613625416,0.215230775295976,0.069454849887835,0.0821462535687238,-0.0075674729572092,-0.0294806579634403,0.071478084772122,0.000915576726896808,-0.141258177220862,-0.0495203275566951,0.0582678157472725,-0.0406409809092474,-0.00376250869951053,-0.00836887269779217,0.105996043611214,0.0846099283077463,-0.0492156108702718,0.0853830696305814,-0.144736672239822,0.122677961722818,-0.10626109043572,0.00713738298610797,-0.224091722387579,0.0768747453148371,0.115250510885049,0.0420106537643675,0.00948736690130425,-0.0283581738652961,0.0908783149435474,0.0399668447372493,0.164878881542164,0.109943332377993,-0.0669535900966335,-0.16766279762948,-0.0409811828480978,0.0617262877188668,0.0544373396292955,-0.0428972947503186,0.016969969903722,0.04765561186476,0.184427462282817,-0.0952458849552513,-0.0865378637064368,-0.097438489300743,0.227140255295213,0.128537693126788,0.0699076867708553,-0.130701204384335,0.240833747281355,-0.0491490061005134,-0.194628775391599,0.184479172238554,-0.142755573118156,-0.0430294370932582,0.0995809721215697,-0.192983754169687,-0.198610145296233,0.062440590560086,-0.142557569344327,0.11834399483624,-0.0195471727002705,0.0162292774661688,0.0985101031655145,-0.190446726879181,-0.225991480551895,-0.0935742767522497,0.178134615121622,-0.0449431851523015,0.187747760098757,0.19523788020327,-0.0355408039585887,-0.229496983209431,0.0183458846829436,-0.215683633119608,-0.124616431571179,0.0368349999539819,-0.0213226669764604,-0.0533154341048408,-0.212422049115424,-0.0508958107301606,0.0343816194603559,-0.101795988860323,-0.273558199534797,0.0880348787580197,0.0925341226466831,-0.197617821484739,0.0595114211952013,0.0633416074557046,-0.0361380171625641,0.0174320522065928,-0.0243014955953242,-0.0517657182049946,-0.0503292898861076,-0.114568039628998,0.143630329583987,-0.0471338562281767,-0.0788191116676552,0.15744942835172,0.186454352795818,0.00585373809865604,-0.147377373254019,0.0760103900734249,0.103628965712375,-0.111032929013638,0.0334945070583787,-0.133105934806433,0.120860081074909,0.0425185214186351
0.0593245142454323,-0.0634401361557313,-0.0433812622836713,0.244211560181959,-0.00456744142849711,-0.0379665022640851,-0.170972606510384,-0.130956650386809,0.0273816688397874,-0.190419203618428,-0.0542626934993534,-0.117369582299635,-0.160073449102618,0.297635201148873,-0.0143684852048194,-0.0160541947617375,-0.0951357594709736,-0.0201102103633076,0.102417301452085,0.0890539107604983,-0.0242287833699828,-0.0464486391933834,0.0151313985803878,-0.050600412336626,-0.0519007200335252,0.097886951197295,0.0396405303829445,-0.285429961550246,-0.0114147205203435,0.0434236455993069,0.0762007083438211,-0.0510911162012863,-0.199123478164173,0.172872818696122,0.314124703035043,-0.00928688658456635,0.00542463232765581,-0.0478482888876822,-0.090104149287307,-0.175077569312094,-0.0912419399531599,0.0695572591151374,0.0892124261737023,-0.070903281875882,-0.252529212511276,-0.0707914552748805,0.0141581605270825,0.162508274308148,-0.233081904127415,0.026196135623179,-0.0589596112097253,-0.0275140679706683,-0.0872863276772137,-0.0103918205053252,0.0242831370727626,-0.0129894820070695,0.0372295866135612,-0.136667611416766,-0.0461597981441749,-0.000194938314093925,-0.320159935825567,0.00595206215759774,-0.121572419943695,-0.118214524717472,-0.083120500730959,0.284749745061536,0.182888532375247,-0.0499901421632691,0.0123257142815655,-0.110305475243482,0.0457253877608979,0.223865065157782,-0.00785716351937258,-0.0434249201164452,-0.154947913934946,0.298529144541569,-0.242659174787323,0.059669277792409,0.110161974397597,0.0787420671196502,-0.141278733871948,-0.21273321384719,-0.117283692226817,0.096888928639313,0.0871687777281977,-0.133059808808113,0.0624280944308641,-0.215437466267336,0.0987668153132774,-0.06772844388575,0.10771767425756,-0.00706463174493133,-0.186873862414102,0.138980600169291,-0.0309182093688393,-0.0329151070379402,0.0199664979681978,-0.0747300989013345,-0.104729487336909,0.0773494828432005,-0.101986146187179,0.0423786516681956,0.016244635210935,-0.037053736459421,-0.0611714001863613,-0.151725408160327,0.0146699301453757,0.238042285068444,-0.0257665885441353,0.107575551363604,-0.00482026645019271,0.0406944426901079,0.125024627954627,-0.0316767496370602,0.0550835772831906,0.115793335899664,0.112382461167476,0.0494255570367433,-0.0197279465056127,-0.248059312010754,-0.147321306887199,0.103579219385906,-0.068001786573968,-0.120670362551875,0.0857416268651196,-0.0926024316729425,0.0829035074263769,-0.129846197015495
-0.0273856908977539,0.142484862582207,-0.0858237450210269,0.0145493891418363,-0.179775987849835,0.0694661638277285,-0.0985570529142384,-0.163560466192965,0.0313715901795567,0.124459260473345,0.0107719467233476,0.350295465690823,-0.0966638135528039,0.312781938818232,0.134518257331236,-0.131268662364127,0.0441388140921907,0.147713443592945,-0.127864489880841,-0.163684580302876,-0.0886599963318816,-0.0271068447317442,-0.0152523853462567,-0.0037473419827267,0.0472838089090953,0.0238987935807823,0.0256612865672551,0.115998021571937,0.0367461601265786,0.135013946130667,-0.106702743826993,0.165919739775455,0.0168529229157111,0.189318544178473,-0.109197900701689,0.182397157717402,0.183286611090972,0.0233445205255165,-0.0107853255410528,0.0578116847488299,-0.165213273896244,-0.000743249519988992,-0.173264697537922,-0.0308918955321122,0.0961412627403609,0.218332224210504,-0.105306572134261,-0.277449474251253,-0.0216739873592948,-0.0509187282159657,0.0258385001213513,0.0426070102112966,-0.14378846559696,0.0286738591258554,0.00324685945898365,-0.0899187740805855,0.0204745941665906,0.0655381714128555,0.186268438523334,0.00579699434772605,-0.124333911261683,-0.138031396190287,0.050324096037594,-0.0628002411030096,-0.135238559674323,-0.0276097502768306,-0.0268856431837364,-0.13414490257296,-0.249233658951189,0.105256965344339,-0.142450412167351,0.00109897572645213,-0.0746657273522144,-0.0245503632150419,0.115261991778722,0.238306608587246,-0.105460932717983,0.00586540327976778,0.28216600972379,-0.144502710375129,-0.139096446323207,0.196072192681288,-0.0593960478145621,-0.197814905468326,0.197603858898631,-0.0672832964281698,0.118690876435023,0.194867527316212,-0.0516226489087436,0.126319545107763,-0.0945145129942737,-0.126661602798035,-0.0632094201042507,-0.0535400135043116,-0.143421136326524,-0.111181394692881,-0.0546286075438839,-0.0557466425675776,-0.218802218937432,-0.0436141539355812,0.0219475149195154,-0.0404335964093108,-0.253906937811723,0.157761465454023,-0.0669459178470201,0.0227031884651434,-0.032786148075645,-0.0591749747940872,0.0995968961818771,0.123318753351308,0.198965256984689,-0.239502930804402,-0.165666666756648,0.0468396363782631,0.277139070669698,-0.161654267406095,0.16768104941267,-0.203495033477566,0.0306314154522372,-0.13588583454702,-0.146577542341935,-0.11379233770282,0.00677176396992205,0.113987157180014,-0.00903953531086631,-0.116031964040859,-0.0585671866225105,-0.104370340012948
0.369701655208148,-0.0184129173378847,0.215092934140991,-0.11251541720139,0.220518397756019,-0.169272228157925,0.222766329249669,0.199408467298784,0.189624589516766,0.141402531506487,0.243595219872016,-0.417533361557754,8.53819750341385e-05,0.0627367828033453,0.27794406285602,-0.0283617082399178,-0.00351955049188233,0.193899848609696,0.223516018724042,0.264765312573879,-0.00415446818450523,-0.131001855894228,0.0523050368496778,-0.127603952230621,0.102814220770129,-0.170140003259615,-0.00616316889344848,-0.0846004866043058,0.287030268704178,0.0505990215037643,0.189212144561829,-0.120211106086519,-0.045106293257831,0.0874300210216007,0.146426479304278,-0.0888840368663533,0.0419701926510161,0.165177198666279,0.11424711164638,0.0552691409079304,-0.166821208747078,0.391700757501234,-0.0569236570050845,-0.192517024133236,0.240580540602973,-0.283208704889244,0.238131590270088,0.00132809304528216,-0.0349083406516186,-0.147702703614788,-0.00132157190188255,-0.107096571452837,-0.349258385714492,0.247666351000492,-0.355629638849283,0.108769586173329,-0.164722534718529,0.0417832209291409,0.137235275607141,0.362245585045631,-0.110791011514685,-0.0870489063580133,-0.0281924549026379,0.0272247738342454,-0.0565408668612404,-0.0205546991898892,-0.138046245815702,0.210509006929985,0.0220560921061566,0.0570821250035468,0.0968427655117127,0.158955233682676,-0.0410384840679661,-0.165695617180619,-0.187739002048677,0.0113438820323143,0.164746037777438,-0.136885042594706,-0.0992421831009668,0.0745595145444058,0.317717465852661,-0.0821272352722329,0.0351667206718958,-0.0426093643002782,-0.112393445070745,0.0272778521010858,-0.0226190757622966,0.000592246889540301,-0.167142358904532,-0.15416123433692,0.107369643077302,-0.0765164509377652,0.264555234015617,0.0490566547255196,-0.0524519494199511,0.306241677123856,0.132537309867213,-0.090644203712854,0.198522759570549,-0.0348457876242436,-0.013199626722873,0.1656044229401,0.0237433412379983,0.187119868349863,0.263113211239077,-0.301000971615381,-0.0977185948936728,-0.0939571863464437,-0.201150573714271,-0.186283709540907,0.300017886302344,-0.139740839000663,-0.0727095848658946,-0.0521357925020823,-0.0382104649094235,-0.123476039057628,0.0220805631776074,0.193092194905763,0.177549701629149,-0.156785436138532,0.173461228607973,0.0284091191139111,-0.00839734008530176,0.0154341753720005,-0.240068811309287,0.0443028717833857,-0.045566215797736,0.0223162143147776
0.0669073973396612,-0.0784075404294249,-0.0323439494399058,-0.138065762661349,-0.06219406270594,0.293862168205302,-0.0118917820568244,-0.192232699737804,0.158952992144947,0.254963240397016,0.425658668816436,-0.251591621394623,0.153458674558777,0.0150587669564074,0.321506659541495,0.0630434654946373,0.194851199640911,-0.0256031449817898,0.0817826961294426,0.222192070734916,-0.298925642948945,-0.0275632362228971,0.031515716878259,-0.396443362312493,-0.130649747519552,-0.0307190969797474,0.290211331639304,-0.149818351369228,0.108196163740178,0.144301703612492,0.00140054262986252,-0.173288423798352,0.134375773564551,-0.149813597399054,-0.0996337279155681,0.0730476514039862,0.0994594350705253,0.106093449883445,0.20748729947792,0.0465814952726292,-0.193268736028399,0.0464824000227802,0.0118525091064351,0.309010903135909,0.358063595258256,-0.0829598684031602,0.192495995743769,-0.0333737784910511,0.062832328491272,-0.022125233196476,0.239171713006546,0.167944133357624,-0.0578257006288068,-0.0342631481278566,0.122164542249454,0.0249025006632711,0.00712874082099538,-0.295262319734141,0.0524637720445597,0.109378477120759,-0.053591669374597,-0.195183341261165,-0.166142599088564,-0.15567165728624,-0.00403519254892263,0.370516860111952,-0.101722930302891,0.115770511554805,0.137109602227528,0.182239048010085,0.0517632801048903,0.157789644643665,0.259247460089348,-0.209778950386387,0.0554089366177339,0.0480852712293714,-0.215969181113578,-0.056652128010349,0.100021001567508,0.0822037715134956,-0.18880581939695,0.12248991756681,-0.184740724888142,0.0567898399062311,-0.0593714513783956,-0.168562140603506,-0.0145355117064858,-0.0824699165428006,0.044542432519608,-0.0402003966553888,-0.0683266351157914,0.077997845458102,-0.156473843938282,0.0267761065499746,0.162373002463186,0.201303009484808,0.144480646755219,-0.0608218021965155,-0.0336182414241154,-0.295873018550205,0.0301706580814919,0.329022000322645,0.180604558069588,-0.0780049628510566,-0.15185260715666,0.0213011624537103,0.00668183704984391,0.0508259282933945,-0.0538921927092209,-0.067251975278421,0.227937468513658,-0.0382590476883459,0.248556210042629,-0.175003293715454,-0.034303720068611,-0.0778354498564081,0.0565323332520623,0.0756043174330682,-0.115246514873092,-0.0408013753048777,0.17900961281379,0.0416696701941315,0.133629114177445,0.00172675664072809,-0.0454543340969769,0.228665030554018,0.0192875529987478,0.0689943964453822
-0.178238776335351,-0.258321050435836,-0.0137813289519992,-0.088942294892109,0.00501038636934417,-0.0457819224294142,0.0146662696428284,0.225036373023201,-0.0966412756429012,-0.292933417201327,-0.300405876788004,0.0434170281900537,0.0299127070209449,-0.176972971124456,-0.0348818455807639,-0.193885458903316,-0.040993627866374,0.134527035801335,0.0345380935495308,0.0416963900927254,0.0260300637594175,-0.0475660875857243,-0.0503029622719011,0.0202503253503962,-0.176032696414623,0.147438426562401,-0.0443155547409199,-0.311472577470746,0.077671114456269,0.0629759068461472,-0.175077654759727,0.0284181493469518,0.195699694106566,-0.0925409335684695,0.0500637922685654,-0.156386528581301,-0.162749639568311,-0.1247037221763,-0.158124075722154,-0.132650272874162,0.171326566163439,-0.0654825223206936,0.168996585528314,-0.0176763594993952,-0.0520048906063123,-0.0458061766141066,0.00338410661259142,0.138727060986187,-0.268982079271014,0.0310672483873601,-0.0171608076917661,-0.170143520204694,0.104628594646163,0.119474007016875,0.221470188891356,-0.114216006081878,-0.289796221573939,-0.0334083111385436,0.111567934046976,0.0132428036135595,0.051816619287917,0.0801805516482622,-0.245490499502727,-0.0838600636321033,0.256929502304717,0.0361954074570622,-0.0793332746551817,-0.152792694212802,-0.146829899103014,-0.0263902261622653,0.113069069399308,-0.148874249650215,-0.163526284712963,0.0190054973743594,-0.15480616733049,0.200938769541738,-0.0500210429040883,0.108081997829828,-0.107896061344921,0.069723426969405,0.158046698877265,-0.0346448543395089,0.190058484829128,0.0236621796712592,0.303248902288751,0.246575965540524,-0.167749291059325,0.258870396357508,-0.00329325144811855,-0.275493871035681,-0.0841499391522701,0.0585634683593489,-0.100093446125102,-0.0925128991641429,-0.0535134138545777,0.171446251325332,-0.0618362605799598,-0.0319204704953328,0.044498841573852,-0.0299105013628379,0.216897342875188,0.28932333385712,0.0566296664393522,0.0168386944577258,0.0363484330363128,0.158073865995575,0.0492699325803585,0.251934165101147,-0.0739331428663576,-0.0516150819714521,-0.0850200471761653,-0.181683040436089,-0.0108557424684961,-0.0577535934585542,0.075712659130616,-0.0712799301325771,-0.00827605654767126,-0.0439456626425357,0.169446761153222,-0.0341454342782176,-0.0403058043013438,-0.0791642655907144,-0.1454625399776,-0.10741416840484,0.096485353891965,0.0177848747060147,-0.0339625913477475,0.0217745553449416
-0.00421265890744666,-0.0270370032736515,-0.102169613543411,0.171855720587352,-0.105147106729704,-0.126472421200923,-0.211309120724136,-0.183571826175119,-0.0176862521478539,-0.208141240950017,0.0587510055739854,0.210128787606911,-0.131080156523145,-0.0224973657945599,0.165435623837807,0.28674678674239,0.0434665834692207,-0.207795596492427,-0.135261100862815,-0.0958518264290128,0.106347008744911,0.0622459587419307,0.181248050419258,0.219486165943212,-0.0476628100382068,0.240983085905151,-0.114845262816879,-0.153504708781421,-0.0205010127534199,0.0767870874431532,-0.0120630592794701,0.0275072200004947,-0.0197221710646489,-0.257805576346048,0.101587464609664,-0.180353525991262,-0.0867610864189146,-0.0770277259398106,0.168877453506862,-0.0368132895416912,-0.0625391704425528,-0.106490264723686,-0.0723247111960621,-0.0640138877853471,0.192411728777058,0.0355420336586912,0.00774347595404486,0.0957920889331701,-0.149910799356337,-0.113480258429559,0.215756726826974,0.204955420293647,0.0580644390180545,-0.0907987520918731,0.167488055023099,-0.198337989435548,0.129071308877399,-0.141970072548245,0.0132935196741345,0.0302611435443098,0.0839020958873628,0.017812100428622,0.0827940489539936,0.337430610362692,0.0926410431515781,-0.0609839255851405,-0.0149270143244467,0.0525995346688698,-0.162409733092522,-0.194117725895833,0.0884011013048017,0.194685532694,0.316983134429792,-0.0556818609965987,-0.00178224551417249,0.0282059272056167,0.0521674928892942,0.385243587357011,0.148949569032396,0.197814966357992,0.336767433028556,-0.199905329440981,-0.0106896367927643,-0.303820119852943,-0.0325670617941868,-0.0850218251251763,-0.0473722063084868,-0.195815385223599,0.0703514107076443,-0.10457097836572,-0.153451687828309,0.233759752751197,-0.085991948907733,-0.0697131206540445,0.0838352790421968,0.00477889403746694,0.15361904307291,-0.00450000131535935,0.106717322957579,0.116595789030103,0.0572151435373474,-0.161567204826755,0.0219047872663761,0.0117619568692089,-0.0328733273447114,0.0259326559473534,-0.0379619628304568,0.264897000613566,0.131520518805372,0.0487439280603265,0.194925008919427,-0.0965628501356992,0.150053958709425,-0.161842854059971,0.338878538309718,0.190514928766003,0.0377216793062946,-0.0326548177615462,0.106696458159928,0.293935930822128,0.117698503414364,-0.0377794322780089,-0.0523672596990284,0.121025096227002,0.103014326097019,-0.0867664092040726,0.0455880436298068,0.266216820110226
-0.0836216121441622,-0.143232253980988,-0.0887886457815233,-0.0836359720242909,0.0395581966374604,-0.147881930324915,-0.0413698149170588,0.045269348470393,0.10998484427928,-0.0524430469546834,-0.157834685629523,0.0097041992642329,0.103469428749291,0.0479425076056382,-0.00830761058538073,-0.0471571752690415,-0.0360163729079513,0.0542500645227394,-0.103134978435201,-0.00788415654955603,0.000494654212315114,0.0872279080787552,0.000543397163448024,-0.222806632426007,-0.089468702879921,-0.209713236298063,-0.0492444490371738,0.0762970621114919,0.0574655598771904,-0.0417699803174665,-0.154773548736758,0.00394202429501971,-0.16398331017413,0.19113420258326,0.188724815339325,0.0253921256888125,0.121729801644985,-0.136670796075123,-0.0367754409686202,-0.00540592228369893,-0.208449068577673,-0.073798070696953,-0.0050445937842467,0.160044335206828,0.00791706215766982,-0.0308547648685675,-0.15558631085288,-0.118438501238033,-0.0877188317047606,-0.0291133511400151,0.134319593022366,-0.154498375515213,-0.130709702000062,0.000493642801175591,-0.039622627952224,0.0875011589827025,0.110515468591574,0.0270712424263125,-0.169829562246861,0.153875521253882,-0.122296464083408,0.0866811624223394,0.0888946517672331,-0.110489408205723,0.211999491481088,0.128946489960716,0.0935946014308991,-0.0415689539055511,0.0344321996653024,-0.0981982074772205,0.0242367371300499,-0.00619083920433247,0.108532201087248,0.180709902824466,-0.117321342059553,0.133561066640284,0.0966506242668467,0.161119291461116,0.0035944422686275,-0.0394564525928639,-0.192900636986583,0.00726098854134953,0.156449075094966,-0.0712119295407668,0.0427758370335636,-0.263018442103471,-0.0216917442108044,-0.143516864440928,0.0366769081950882,-0.0543392337502812,-0.114233590387049,-0.0826251546521169,-0.0190477162198677,-0.0723697548221751,-0.0237846475296831,-0.0411757900535137,-0.137548825206683,0.175269670502912,-0.129508486444117,0.0448479555836315,-0.233467067682484,-0.143738675252272,0.05151920568187,-0.112684827508438,0.0783861132231038,0.0336128744073979,-0.159896938852289,0.16057289506205,-0.167881103891488,0.0243399110185094,-0.14187707939707,0.0168000607875236,-0.185347321979871,0.0160905932470268,0.0926379165872714,0.0384912598007115,0.151229261539252,-0.0514495062086189,0.00849729818498727,-0.0416006153053577,0.0111048393866416,-0.146379990128133,-0.106065793586798,0.0555981092050856,0.198790744167506,-0.0921538357057127,-0.132050142943542,0.0214413383416493
-0.00481017369285265,0.112906686609213,-0.0253846361479875,0.171476482904364,-0.0725341547781921,0.203034353368375,0.038487484911781,0.0578007965758211,-0.0292397535527428,-0.0538965309813524,-0.0619337801352377,0.00439675656861268,0.319297468386144,-0.015122440226143,-0.0228025729053938,0.0350408806187764,-0.282746124784138,0.152578072250814,0.019285149876854,0.173729093223579,0.183741604201774,0.160581012091851,0.190037506008402,-0.251767424061879,-0.029027574172667,-0.151271780816307,0.0172014037909311,0.39350432563832,0.106295506575625,0.0592529962316092,-0.256184503830855,0.233773055502333,0.0787594939317991,0.245969967694188,-0.175825029219095,0.0271780245490167,-0.0512729999580018,-0.135925748822809,-0.111096123488329,0.143146122833548,-0.199029552985824,-0.121527178307053,0.397848765728815,0.0710685891032097,-0.0639381962102505,0.0675217227444622,0.0829292659375993,0.0477181387563154,0.327047652436009,-0.0956600513227423,-0.3702281599209,-0.0840756483446963,-0.191208392243996,0.138799865085774,-0.113612865122473,-0.0311641476102403,-0.016882515871571,0.199054780592513,0.0551519355475276,0.00443344803840917,0.16783547327446,-0.0729298371763515,-0.00942667370693068,-0.232988421782073,0.395516758564248,0.152154647858483,-0.0125504126649323,-0.0126091863247959,-0.110558556758017,-0.0157320012384366,0.00580114436085608,-0.0710224874909813,0.342584907222691,0.135570194274147,-0.213161176960703,0.123255116763724,-0.0279983637611706,0.103814159172381,-0.125678707331505,-0.242389104693616,0.17507615679734,-0.242796044048097,-0.0755798866257876,0.0212555318065565,-0.0209852346139407,-0.0775571661083096,-0.130545596103166,-0.144858541028039,0.0393849660511409,0.0411150320698261,0.0245047779289554,0.348333225398903,0.0926824402507813,0.164052895788539,0.087511515788894,-0.0251709608624377,-0.0049283491217,-0.0550707921766416,0.248753904945516,0.125216610080624,0.0373003278363526,0.112248436054155,0.200472649887624,-0.0505989033517785,-0.140747102645814,-0.165871198268232,0.124888111479391,-0.0153825629843405,0.18545145066258,-0.00577482260351653,0.117407134062868,-0.0563898310041625,0.086589249156534,-0.0131320468106745,0.16483074818483,0.235370953009148,-0.0410812990878411,0.12190599628316,-0.178259996319698,0.0114694695024773,-0.235161597174371,-0.0285054732870909,0.0707000560777353,0.0567736334408041,-0.0740101392046162,-0.0408480550653532,-0.13840659151954,0.0320661902473734
0.247719001909783,0.0692871956110084,0.140825611346569,0.100975893459235,0.0789029747604563,-0.294592657327202,-0.267519087521796,0.00233252675969358,0.185045555887141,-0.0759934934870477,0.165567483272778,0.158489345783804,-0.073042623177912,-0.1525040197073,0.231657531831639,-0.114554935236905,-0.256872781547834,0.0961029134148636,0.314728335183846,0.208067374541915,0.0310750573558147,-0.268353465355707,0.186544303083414,0.0607533624181912,0.217734458708394,-0.0166161577697638,-0.00190119334065965,0.495464401053429,-0.167102169085978,-0.172749397122618,0.147851960357272,0.18875116553283,-0.0856532235201873,0.297561977732542,-0.179331986443347,0.067876951184126,0.0361086191079815,-0.136640847071588,0.10821127578536,0.145447823894416,-0.180082848564077,-0.183441199956673,-0.00788155177345785,0.263955431582227,0.0414312708478353,0.025975649294044,0.043858479235438,-0.0338575533351269,-0.00990196770813422,-0.180882232525463,0.261758140414374,-0.240523341473244,0.024090160805061,0.210425701160455,-0.185972260207136,-0.0412245345663772,0.021079713278423,0.238796620282845,0.253642856014726,0.103335613609429,0.111792623122126,0.164361191555214,0.0101294923885259,0.145897995059354,0.462801654935443,0.0584724501084797,-0.0349026631750469,-0.0959359334288135,0.0555616929291387,0.0346482941948958,0.129849605862212,0.249234412973972,0.0529024054220801,-0.174331207652035,-0.164817272014017,-0.00103621589648997,0.258530519876689,-0.0708703541567917,-0.341801066918235,0.0726431151312789,-0.202114122650641,-0.0798014235881042,-0.0112586599322601,0.208997172617859,-0.23934959043453,0.197275089661025,0.256608004694789,-0.143494788765043,0.242692832191771,-0.125689231789147,-0.092534392731233,-0.226666144823066,0.0772865889724372,-0.126286350603744,-0.173657085574557,0.0126627396809752,-0.0898622695488881,0.215434249223031,-0.337618533609307,0.0189638711070795,-0.00181200379559456,-0.0702226349863336,0.0639526593145011,-0.202525983630524,-0.108151230702095,-0.114823186244757,0.229957854643837,0.367152664890718,0.16801885117471,0.188850893029548,0.193171205949816,-0.340990655060169,0.0973642533626565,-0.0322145441935231,-0.0113859708321785,0.142496884224563,0.114884631149081,0.147866459705336,0.130344806688135,0.0497535511223929,-0.086219204140085,0.0815907595029488,0.091359535874598,-0.0547270453421901,0.219899811667696,-0.0975886986293712,0.0229022527169175,0.065713159710367
-0.214491840967417,-0.0209817352790276,-0.0280426693090166,0.175983513815799,0.137852388786423,-0.00889770799105834,-0.0445530103544323,-0.405431378341529,-0.178961135365477,0.222277347388605,0.0361918876299756,-0.103521822778958,0.0181956423363258,-0.105599611093474,-0.110044494836978,0.196589009112054,0.301903965528876,0.0140998342033563,0.181488593593487,-0.00158571231722324,-0.0554150441055285,-0.0060185533235694,-0.0338035487213389,-0.00406147161849288,-0.104333056171926,-0.0783497399634437,0.343363487842841,-0.261747251133086,0.118745833892951,0.0163209442243605,0.216868590938768,-0.223276107123094,-0.0715358651025926,-0.180053059991621,0.0581196984661957,-0.0172708040415335,0.0964703179863026,0.222609144417264,0.076312376273563,0.0152220278406807,0.111765528914533,0.0259704408293292,0.188941518276039,-0.118763957449714,-0.19674585203851,0.177942703527247,0.140422106504254,-0.154281432663637,0.0247638521983862,0.175875646006102,0.0266515401718955,-0.221700055972171,-0.099649802817043,0.0935013588673718,0.00408080363223535,0.143027417686516,-0.0189204611511349,-0.124328217735432,-0.222160809169996,-0.0220019927606186,0.0671927360548672,-0.225514392402468,-0.18106352800999,-0.0474226149495238,0.016830684522661,-0.0206942658277496,-0.0142578862301065,0.396595480014065,-0.0403764006660781,0.203234896183964,0.218651966430362,-0.026850578565181,0.212406488742732,-0.183713528012782,-0.168559822746486,-0.0418932728222326,-0.0287880511802775,0.132818555587087,0.0722159268651636,0.287851919150732,-0.275464945579837,-0.0108522702520786,0.0724101014703004,-0.0751361064938592,-0.296953854284319,-0.0404294961573756,0.100658814315335,0.0315769438483494,-0.0960970935169516,0.0243628817806161,-0.0543565161397677,0.0811717797310234,0.105754885230723,-0.0532566466272458,0.00913102882812485,-0.209378806520371,0.0685211752449055,-0.158200755940182,0.0213019946607503,-0.179905312435251,-0.0395930938762354,0.38196812512642,0.0230902148648574,-0.0180980481030857,-0.228746459911106,0.0853963311523483,-0.0852169909060858,-0.104724822097988,-0.0804774860447534,-0.270727178876733,-0.272847454140999,0.0681537005139283,-0.0330117530322751,0.236826350197848,-0.273777375217949,-0.0700923628527059,-0.357684212789165,0.318035022740581,0.295747106436457,0.26896649473866,0.251747273834172,-0.0663070332179121,0.0695612749533016,-0.0859617157590753,-0.00552302636275459,-0.177246840288571,-0.135553545419908,0.106782451950171
-0.00360303047241698,-0.00263754127953143,0.229398848694416,0.308090405772292,0.0393152881623857,-0.0426374245075406,-0.0338870210875517,-0.212218793743879,-0.140136728019447,0.0230681841854251,0.210731044885601,-0.0588491093356601,0.071448914731929,-0.0988998510029998,0.0844903627593942,0.224154778524734,-0.293258715244334,-0.0039805846144705,0.0398831082394254,-0.195182630718836,-0.0504659666259199,0.0353166938062112,-0.0828924114504293,0.0029209719994327,-0.0247630590765838,-0.0806388680494416,0.175504330353657,0.280906880242394,0.0663047018006139,-0.22933717054814,0.146934744725242,-0.181948072055152,-0.129707825121998,0.161272419285735,0.0829952844279144,0.0183213697179137,-0.227457753533024,0.191466459966945,0.205601756573779,-0.234825635782641,-0.0372862101486778,-0.0855144178488446,-0.0106550192471024,0.0401805725195349,-0.147888497344659,-0.248269681508881,0.184430291164009,0.0560305478090137,-0.198529427633047,-0.0509989783445989,0.0685571696032865,0.0486661126541429,0.0201311612065712,-0.108052196754803,0.248118505194063,0.139933927076784,-0.108773800525592,-0.0426106890690876,-0.00371919766585529,0.103639340987746,0.171387760698105,0.113198963140823,-0.121655534444098,-0.080829563197941,0.0460376459767599,0.278831492280448,-0.011760994299212,0.0978475026065894,0.0369540045858268,-0.125501393743084,0.278090526616437,-0.205712673502886,-0.0576421299436977,0.147962950581574,0.10420397348134,0.0417925634756916,0.0167820263259569,-0.313122354331926,-0.126564499278393,0.353836583550085,-0.0844659053917394,0.00678810045464216,0.250112830883656,0.0113809534834655,0.00538795752156413,0.155337831254223,0.283779913275518,0.131965869681604,0.275946830416924,0.156429518361782,0.159311383523899,-0.121614770459981,0.00369818950663531,0.00600081093840752,-0.099294925534773,0.0848661330899453,-0.140095964316151,0.00779408922152844,-0.148126594425333,-0.143276676333971,-0.0875184757718324,0.117727185523883,-0.185445106886015,0.219328016183549,-0.151452921112218,-0.170609006321746,0.232988351158268,-0.0297052549028417,-0.0657474508827488,-0.000375020794491985,0.117976104666866,-0.154265945591648,0.0471568022989276,0.217950708570199,-0.0459354688283363,-0.00969249399750035,-0.129592588423603,-0.0251337208242876,0.069041886046725,0.157132554583721,0.0256628816858228,0.0317161257034591,0.130774787947686,-0.216658988661889,0.136767044879606,-0.00219312946931518,-0.0692119043844415,-0.00620953720649794
0.0979437082390287,-0.148179031301801,-0.000515647956213593,-0.0788954510631229,0.0593974430917356,0.0230420108590611,-0.138081036620347,-0.0274359518742129,0.121029875037137,0.164361826664216,-0.0681572089078819,0.157521660783556,-0.0994925079372427,-0.11168827661578,-0.0976292101955566,0.105075062639961,-0.0893446162209603,-0.0340657483472908,-0.00567610121412529,0.0271835266180035,0.00950066025839073,-0.154531130041992,0.295975545081336,0.0855268783349336,0.05069724583017,0.173016026313222,-0.309110387332493,0.152312026076439,0.00988264370770345,0.0850504800552084,0.0151737500269205,-0.0279749890470092,0.0347910823749917,-0.0917452644760097,-0.130569937794319,0.0403207853304209,0.050324667323894,0.0738739839499548,-0.0185056758468954,-0.0523549646633744,0.0421674775590607,0.106972968864126,-0.118206856697472,-0.284890923434372,0.101522697861602,-0.0948841204737173,-0.044487255808295,-0.0825927490757177,-0.0319154877478759,-0.118967021221704,-0.108296297984831,0.128914654020339,0.0918569794642366,0.220296907978862,0.0743293408138918,0.090832662327276,-0.0663731399668157,0.0174098150128574,0.181454169681397,-0.0496461704119167,-0.073042544837597,0.0759363669727939,-0.117559209448588,0.15241190572824,0.0451958558681036,-0.0479314145691673,0.0546891321678877,0.0311961799135779,-0.0889884946449407,-0.22766188795058,-0.0756473266817424,-0.0959124899838824,0.188488180828956,0.0403488082774849,-0.141664578073737,0.0140272432298595,-0.0387966999437648,-0.181962942368692,0.0811629029960058,-0.131724220052994,-0.101420858832792,-0.145153484520015,0.0242149099810152,0.117221868070305,0.0706420186506854,0.0821034887070803,-0.0609749273535486,-0.0876053217866229,-0.00174419311959156,0.2149801331724,-0.147347332438908,0.0683051863238268,0.138916165762783,0.0795196101887281,-0.139150331631701,0.0226983183301594,0.108132279524554,0.0124616744401252,-0.146477993108255,-0.0778292563413683,-0.00957894373645309,-0.228223305564502,0.0408565865267751,0.0787364281355769,-0.0900944604526669,0.046677451641706,0.0841748885774694,0.0966811966198151,0.125235297718861,0.227340102619026,0.0292466506533121,0.387445305121983,-0.046069494394115,0.0753870597162413,0.0135290394041245,0.142305781277835,0.080272165650657,-0.0345633126730903,0.140171964739585,0.226050869616434,-0.006529614726643,-0.155448665703157,-0.0515724954199156,0.0515650254550206,-0.0338540709028677,-0.00777878730077037,0.0930678062661733,0.170545754416289
0.0778966900641036,0.0415607412622404,0.0545376029835908,0.13003321044732,0.150719617402504,0.262436950329741,-0.139585875544155,0.100746781512886,-0.128372831449934,0.0248147244499985,-0.138690265980563,-0.00973123907921867,-0.0907751868387628,-0.0925442190183644,-0.162485638014488,0.12886166393272,0.0660727179925435,0.206831114074818,0.180954338550902,-0.0454087718193497,-0.0741922678830296,-0.10203764564044,0.125496568584625,0.110491717493752,0.0548084813989731,-0.159053363756394,0.11958507345576,-0.180208460501438,-0.0569591122344658,-0.103747545775436,-0.10559309923107,0.0789936858357634,0.0337057601921496,-0.0132762702174316,-0.0141612764223193,0.0499567861272944,-0.133823265986466,-0.208446046168642,-0.0355532636496262,-0.0829879652867419,-0.0446756274749622,0.153136689143174,-0.121722051620478,-0.319859750195109,0.0086554169605214,-0.0457057457279246,-0.10779823882977,0.123032790040122,0.143567549066695,-0.0752252388508279,-0.219877290885234,0.0688983507593989,-0.222160326970139,-0.12461376329111,-0.0475129138779204,-0.253777562987114,-0.0642237749903244,0.224437594066352,-0.149986151879517,0.0409149804557679,0.225029090947682,0.00155158649622977,-0.180174661776965,-0.0141723460841435,-0.202071925035798,-0.142491362968853,0.164167612958531,-0.213687804657245,0.138413650294733,-0.147078263784759,-0.174611463293915,-0.0234235023749724,-0.016041418712463,0.10990880100094,0.177640702630059,-0.0439628424963701,-0.0610397062891111,0.173401943311171,-0.000579374141785133,-0.210573656831485,-0.075210225008795,-0.172415894056753,-0.019537530472822,0.204058445830625,0.0525583346092195,0.17820248543737,0.224106422123665,-0.128388354367761,-0.0188337585273353,0.0586082243030446,0.0697762504036441,-0.0434188252443212,-0.318301728729322,-0.0848672588106797,-0.094354285856347,-0.118178800621475,-0.124430259677659,0.0577696896721569,0.0357288559652133,0.0287019956039131,0.0129984379537483,-0.0214608262265764,-0.0170447605014159,0.122073353022534,0.192849824297411,0.0284601735354095,0.24543323679134,-0.216846204711633,-0.11368140388331,0.139276694188119,0.0917644803217654,-0.167108577977321,0.103772402060404,-0.0842597540872068,-0.0679478950802215,-0.0567050625842359,0.179478528412218,-0.234572285982704,0.11248911216883,0.182882466085488,-0.270102556887836,0.03801959447671,0.146018851647302,-0.176033224332258,-0.0960414176740634,-0.0930168377719283,0.0852217112468802,0.173576468626869
-0.264476117930096,-0.0444920138787412,-0.0852779651550102,0.0662101430362112,0.00324388319841081,0.0206362381764428,0.0709686436112027,-0.181589746112144,-0.132041887139981,-0.0955848894838047,0.0144907942027794,-0.000112204684690375,-0.0633640525626347,0.308911971615398,-0.016462643948986,0.0718824416145855,-0.0512811334715263,0.0809648358687566,-0.138111364578253,-0.0637403014336327,-0.171556300120221,-0.101388321403811,0.209095245265866,-0.0774669657031888,-0.0740087863304335,0.292827014985756,0.141733255195585,0.11549568500275,0.018875794949649,0.109116154515279,-0.096413802557892,-0.0441395572958571,-0.0607386538612065,-0.068190029136643,0.176376661207629,-0.00328174952877887,0.0824857748537014,0.0449766441235166,-0.0592124912679862,0.09968697182497,0.0381578996401944,-0.053169696696572,-0.0487359857365449,-0.102280004095957,-0.000385257794356176,0.141490919339585,-0.0327300713805555,0.0616445538979205,-0.200888860731754,-0.088806734885767,-0.134833502814605,-0.102204946563927,0.227048794880799,-0.0973359334174907,0.146989797536078,-0.000395576410222242,-0.0177172635706118,0.0511033375429285,-0.0279414570890686,-0.0713652861508827,-0.00861979107628816,-0.206587571129787,0.248982602955335,0.051361031646939,0.14714358212081,0.0248567827695103,-0.238676485206558,0.0557517380211317,-0.044635572388239,0.069384342753547,0.104040502738656,0.156106396167271,-0.0243277157233722,-0.0455768918950052,-0.137594844405595,-0.0339060176126084,0.0950629132193385,0.0042312248969852,-0.113440779086232,0.00221882920796686,-0.0767358987972974,-0.0993243305705231,-0.0238228964750239,-0.192077615143329,0.0552215594137775,0.0116815060770631,-0.183848745019968,-0.124550009524537,0.0155567344393998,-0.00835080927154274,-0.169063571208886,0.168266233319334,-0.155116297281526,-0.0526069480418867,-0.00875205133536166,-0.0700051777697891,0.00910895569125836,0.142422870089828,-0.0355143593457644,0.312531497481962,-0.130710995435848,-0.00712857864721163,-0.187772977791746,-0.118315233025147,0.0156507559611521,-0.0445462682006904,-0.00761819475634045,0.0604408207106817,-0.0387604437516271,0.0166963141108189,-0.0794626258460673,-0.127645175818808,-0.0129711475925047,-0.1064995733372,-0.0175559177036094,0.129512370787312,0.00040703251053816,-0.0340777344087229,0.0803610483564613,-0.0511103303708702,-0.0910515475942632,0.0127082099148895,0.109525150239469,0.0963569307601014,-0.239800301065726,0.0736925009007691,-0.11437024095291,-0.330836966463773
0.155675522829143,0.215159297879736,-0.0941914730591628,-0.344176142315858,-0.110437676524687,-0.334646115688818,0.0354643216529598,-0.0132492002845121,-0.144685363371134,0.201865198606279,0.0163037790133387,-0.0277127156798405,0.251504493702918,0.14068692020226,-0.0405370642994751,-0.0130504178625204,0.0479960445935358,0.132290728788838,0.0486127113606935,-0.102514220881496,0.16888785243396,-0.165423834628888,0.0011978329903688,0.00542518059271606,-0.0249621260269602,-0.00414646516468781,0.0467145620480563,0.190625417874398,0.151496563516423,-0.180515524973577,0.011280036947017,0.0556965154356127,0.0117458661504624,0.278061862555439,-0.0144399018103526,0.0154658255433295,-0.0822241411656188,-0.126345299003873,0.104133864681297,0.0543752374396929,-0.306411651070224,-0.0574666555785069,-0.196568974839732,-0.0580415371807029,-0.0588425815810316,0.227683658935276,-0.0323936025422733,-0.137414404671738,0.110706487768748,0.341723520440857,-0.175728973784067,0.248490524899918,-0.212387877276165,-0.120725849393719,-0.279693005116648,-0.168392139193844,-0.0220832806826978,0.0559636224288053,0.223158141005227,0.145914744205068,0.30084181179537,0.108981984696934,0.149232476288598,0.160281274742664,0.0729618304873365,0.0257169284865335,0.0754538656604985,-0.00392375406163337,0.0231788929603455,-0.129680295303294,0.0153708540644896,-0.0447230406612783,-0.0207769136935316,-0.0943456120251596,-0.0474721548284179,-0.158598190988919,-0.164051083585134,-0.152982042628512,0.0914526345738701,-0.0305153034539353,0.236661203899797,-0.00368149908325366,0.147513996318928,0.335960202811334,0.175446313885481,-0.250635217398645,-0.141955849960632,0.0011193829069913,0.15579398862777,0.077341888311194,-0.0947178990589983,0.0401824609259948,0.00345155643418734,0.0990697147941196,-0.0423753462425417,-0.0463377435495446,0.140067202385728,0.262449146110007,0.00281444138128394,-0.0193965931519947,0.138666208565056,-0.12817013525645,0.0506438013439468,0.0947227403187442,-0.00582533070901181,0.0310490182997938,0.401001240026142,-0.0169117709732802,-0.00507134780080831,-0.150713695453478,0.205821191072346,-0.0355011737127325,0.140128883088631,0.0599553490485914,0.100641289710711,0.00523875263758675,0.39764391784782,-0.130331228729727,-0.265616581403746,-0.195197394254741,-0.116996172225865,0.218684276947968,-0.133016509362738,0.271741273508645,-0.138188044501851,-0.0555232738602235,0.0439766042948831,0.039669230836646
-0.0843777079437152,-0.204313697605565,0.0948933767479149,-0.128014022278981,-0.214626422947153,-0.216721301853611,0.108199493989176,0.208934737325983,-0.0332413646613027,-0.233962872821575,-0.338505105824215,0.230541181798467,-0.0929140630950665,0.217017069276315,-0.19684554325765,0.244238868277967,0.0196533615831868,0.00650164331834554,0.132050189533844,-0.0290247093479547,0.11655901984346,-0.12777447346924,-0.09183187502173,-0.0523430423207154,0.00814037817682959,-0.0688703286422463,-0.19750075336422,-0.00782178118236676,0.356849401180326,0.358928926477178,0.0368517978937374,0.260879090310445,0.400284822641969,-0.0943864781704651,0.225175355036441,0.444719701845069,0.0738157329289634,0.0202252298142417,-0.0521826024073735,0.103287052805772,-0.21951628645192,0.0825021028539292,-0.398555498425421,0.0957344642268689,0.187125507020938,0.188203630871996,0.0583362209126535,-0.0553629115328458,-0.0131326370863328,0.231305417180925,-0.193913010971284,0.38850157672726,0.0333518086917215,0.18129547216006,0.0516544997080637,-0.0763093642293944,0.137472394979302,-0.0348560687984663,-0.00205963825731657,-0.13263765555816,-0.00123464857259384,0.170648429607182,-0.00853492827323817,0.212112545274699,0.0697789283380317,-0.202899653865203,-0.317398656533047,0.0700418433869139,-0.1135627568241,0.0506771740965733,0.0369758885091767,-0.0817437486034845,0.0752104071786102,-0.0611729166960976,0.495735253795718,-0.00317553310341227,0.113579839063112,0.353141871099863,0.132676332684512,0.148622973259425,0.193092077028116,0.318127319000387,-0.0167050585552018,0.0829089316420143,0.374968630151913,0.123927808673941,-0.00823765932743701,-0.0410092034506696,0.0613050308795356,-0.23301139578196,-0.120585234914939,0.035596664037097,-0.329760961626455,0.151736846000768,0.308625059137452,0.246477294042411,0.138697289060082,0.328592144163064,0.124609791411944,0.187302146278882,-0.141790574689362,0.0109272621015898,-0.107886113099972,0.0782893026806656,-0.00738921904008179,0.0452758457148951,-0.012997208019378,0.20119508096718,-0.0837800638201228,0.178568602185667,0.0400688148111971,0.316814351912587,0.171769434060804,0.135424576862997,0.122227919775691,0.396260664389131,0.145612611693185,-0.344316419348119,0.130769720801956,-0.140806332978668,0.0166748153334746,0.111588809382319,-0.173726673217108,0.349676861511106,-0.10152179972738,0.218803612933474,0.202598107642081,0.0664909582746782
-0.183332100966063,-0.0986003018420027,-0.221463941706762,-0.253917409802196,-0.173600387765231,0.308870856629145,0.0183977461713794,0.194742737920571,-0.100146629562706,-0.166036694286404,0.287571154070872,0.11992199047928,0.128531910702517,0.273790919790457,0.121664650895463,0.0273252438716776,-0.0194548897057118,0.327097581812227,0.130968222290389,-0.0817558539295865,0.0833118960876315,-0.0640164929716499,-0.0191328560112062,-0.0990810873082322,-0.184430226300456,0.0452098053469702,0.127550490987793,-0.200157454560157,0.233976360328902,-0.0148480617438953,-0.296544827320447,0.0244289134586431,0.184097828730319,-0.07126471818291,-0.0944553657282472,-0.0772360409545854,0.000175785604276437,-0.221846777352617,-0.0635552955952774,-0.0352177823808298,-0.0911530062969965,0.064564231368916,0.029368736548145,-0.0551524610582542,0.0773059074811985,0.0313855497507445,0.100650924348541,0.207607389641883,0.246252069025298,0.266370531187471,0.0579355653350994,0.228033914228452,-0.0414190804339061,0.0492116328831502,-0.0773794547393448,-0.0636301652154825,0.200159350046936,0.0425208513819683,0.0246306953935845,-0.2612707614562,-0.265526960600739,-0.145330851428788,0.0978921582786547,0.132581459715978,-0.424690616116136,-0.169749951726143,-0.222812312809469,-0.123803647518785,-0.106748360789852,-0.00182500632450274,0.21554936486818,0.159297491416147,0.0539865920648759,0.296768206546833,0.110096318944488,-0.0389493098970232,-0.139734882569301,0.0793409169013082,0.0925126785535551,-0.222387850735676,-0.208938083532856,-0.0894708164896029,-0.00319680566357119,0.0854504887448299,0.197673255199528,0.108404435664839,0.0934170604191807,0.138328012931331,-0.0224670442931062,-0.157258172480342,-0.0132066152014048,-0.0161049506424875,0.2070244516064,0.0941225730169896,0.0563823492809586,0.0678864649157598,-0.166952883019728,-0.0124736459481116,0.456957053660193,0.222454024837148,0.0141847230635097,0.330419388191194,0.125073357996082,0.0827356848659925,0.0732414906294007,0.112988773188993,0.109635975498403,0.0984110114122032,0.103648619801281,-0.0112209523068473,-0.183831792869241,0.345984540961865,-0.0412094765243224,0.232044921277915,-0.173000173125339,-0.110769918658102,-0.0323918055507434,0.0957379907639448,0.158875883299695,-0.150723844988877,-0.0579578863020697,0.046561076403525,-0.256554418746486,0.0494111303551022,-0.342534844977111,0.168717204513584,-0.0240711440950169,0.196125542535828
0.0665746660414957,0.169156060595228,-0.149278322231943,-0.0597147332316813,0.119377919620284,-0.158287561437768,0.125836508512945,-0.0875369011810998,0.251130915928148,0.0526777897120154,0.10831555096251,0.210685691553473,0.0511824817048406,0.0486038764918458,0.16162918779131,0.00714196210520619,-0.201515115872532,-0.181379658541361,-0.328739556289475,-0.0248647398687348,-0.131375530867085,-0.151076617853785,0.332411632134063,-0.0660813330498324,0.302407728321074,-0.214549908015321,-0.160001609938087,0.303978384428578,0.08619769876897,-0.416190104895306,-0.0268961210975958,-0.0505917727179893,-0.0227899959741931,0.270200007587983,0.125185195008439,0.102369876349787,-0.0755444096137173,0.208461488324049,0.178293888694037,0.243756111541767,-0.124519499748951,-0.0169292686705734,0.118816518254949,0.155566344681707,0.0322250787233886,0.0943085950037149,-0.0239782095465805,0.236926809257839,-0.0304044327013961,-0.254455836669253,-0.105875978495563,-0.16527520668787,0.108375929167006,-0.249100514406396,0.00410528905440069,-0.108591801120181,-0.251808873383825,0.0740223800823915,0.0356490164926446,-0.227081437145247,0.134271682937184,0.0313641806308121,-0.124394368644709,0.261181789329277,0.410086574387931,0.0399991663198522,-0.249524055055871,-0.227992380573809,-0.0456074414328606,0.126437202218127,-0.165472592334017,0.45248913694347,0.0776657839380021,0.119598214034576,-0.0861295423886719,-0.0188874972866381,0.0284669910688851,0.0491723567677778,-0.0519002537160334,0.283785873164581,-0.078991612994581,0.085480589980549,0.179287945074639,0.329688876456102,-0.152157573467196,0.143741040251979,-0.0846080837996342,-0.32833760410005,0.140974574963288,-0.192731078103344,-0.2318102864313,0.04430450262842,0.121491751765357,-0.262764980185928,-0.0706688158463832,0.14903168383956,-0.029089488625541,-0.0270316818061353,-0.07832499733859,0.175978034389158,-0.119814345666427,-0.112660238033595,0.183057394015184,-0.322768040339389,-0.19597415291273,-0.22179012715168,0.0750989267844769,0.292010403744889,-0.0488546040815167,-0.162699598956317,0.226593118452505,-0.062836009260773,0.0613100609098951,0.103562904056762,0.146099462794768,0.379520572091313,0.20977567145888,0.0787951975700688,-0.116262064616797,-0.178496573028688,-0.142794505545391,-0.0214485032909724,-0.140658279363904,0.191941467353196,0.0893659433395616,0.232192998944191,0.0831048805373169,0.193526935552177
-0.0229724329646825,0.304614999034232,0.183467194180198,0.230616852644408,0.184401235298251,-0.029666197066534,0.0480970036892242,0.12320977541992,0.0892331215811679,0.0049093356028886,-0.271293152548165,-0.229383514189733,-0.0941398260738527,-0.109735835342334,0.0576777917294402,0.071336367585417,-0.0604545276175086,-0.108303726726729,0.0434123005106638,0.435284239036902,0.0996888015360857,-0.186041454870149,-0.0320706320387095,0.151844555334342,0.151011520003191,-0.152382652243643,-0.0516487300203397,-0.0779438062570782,0.189587023323552,0.0122246866355983,-0.14964664251857,-0.0149144677111898,0.0388204462293453,0.222015913463116,0.0706831645905815,0.0577992632296164,0.186710900544627,0.113044555871553,-0.0757990447184426,-0.241627407639265,0.133359525313502,0.0922411624288655,-0.0507722653113835,0.055682423010867,0.20270720914793,0.0639523133690283,0.199800196705084,-0.0563207357450392,0.183554743227943,0.22122337945763,-0.0304651088177776,-0.251754682643442,-0.0419812799102672,0.00837392855802031,0.142012165438495,0.0913896480065738,-0.253523616843605,-0.074786067048194,0.281668551441537,0.134389450981643,-0.0879418536394675,0.212894898698744,-0.0400496868912936,0.083832593499888,-0.0431126617344462,0.0468360121755819,0.414946533157035,0.0513868493767861,-0.0742665887946282,-0.128606912869429,0.0582587147989422,0.0550652882033245,-0.187208694642337,0.0200912056582953,0.0696932455945695,0.0840568811870662,0.130995185969928,-0.495510983709918,0.168615690098467,-0.133515318022246,0.0146256363776377,-0.193216383419303,0.221445720860551,0.00329399245295741,0.0999312486622293,0.157365454275925,0.101381882241054,-0.0136490363516041,-0.228534975617802,0.0203415379417961,0.0246979571580224,-0.219608434527098,0.0406866676948954,0.0771669313865964,-0.251442277019368,0.231654291388255,-0.11823458952331,0.17887938362728,0.107525187165132,0.197755086873448,-0.198297086742234,0.33314140770222,0.0530554203469404,0.261330877448663,0.329280394894202,0.0593462976303731,-0.120367424273051,0.146183635476376,0.139439088247371,0.057387243362651,0.109081583687597,0.0424426702781618,0.109453254692619,0.254819046726681,-0.272126631526653,-0.0163048690964417,-0.0684269708579509,-0.0450640252888586,-0.152319463944121,0.137612234164666,0.0914513774259543,0.0637619320376732,-0.0255206300473219,0.112968449173303,0.015375066509549,-0.155194955353424,0.231091626528983,-0.222563354296114
0.0992892174683885,0.119830252613042,-0.171121490123111,-0.106137188825941,0.058736257003669,-0.0812718509706782,-0.155103020169436,0.191075499793588,0.147601670116343,0.0300492285853187,-0.11771094408125,-0.268671618811569,-0.166018764753332,0.0744234301920873,0.196618773216414,-0.221432767530978,-0.113981988917509,0.202230644802602,0.0572657821192459,0.236360910914296,0.112602441943232,-0.0600289114710736,-0.0356040928136124,-0.0848117856200787,0.306497369509369,0.075110189679899,-0.107533452749124,0.0701048664772438,0.115852935099839,-0.0238876961957467,-0.0352691797425441,-0.0563306664133615,0.0920286007735128,0.141709249394159,0.0161451036863042,-0.115502526973193,0.107395490027703,-0.118156149150377,-0.162103463300288,-0.0396384338018417,0.0884431045614237,-0.00974780284785772,0.287015392463096,0.309929625537111,0.103618326556281,0.13844544934803,0.0216555281307879,-0.19812007804163,-0.0259227064910989,0.0321815250462146,-0.0775176745595953,-0.00191582217457642,0.112639594380373,0.147159854968856,-0.0193932996734282,0.0683911227246536,0.126472109576671,-0.111265466222224,0.123502604529917,0.0596910469986503,0.298730957002691,0.000960025349137308,-0.0292157513172201,0.0738967888673167,0.261787314179736,-0.111416833195302,0.218078632104797,-0.162350385603818,-0.238536165006429,-7.39091542905283e-05,0.0306409293388222,0.145364572113717,0.0688637167284556,-0.00249055905664661,-0.022841799479238,0.233157202499207,-0.0206386672461655,-0.327665713861332,-0.202345400418761,0.0620351447278267,0.0233703790657958,-0.000369986403846017,0.0115402237660255,0.0601045588623467,-0.0987029762046204,0.0748107731367508,0.0903602073362744,0.0601772455076658,-0.166336246524082,-0.058473066338262,0.132828032125719,0.0135292211205553,0.0602352365599364,0.128525659677618,0.0657764634939002,0.219669918318629,0.0326544924616793,-0.177808785287343,0.0455323367236759,0.256095501952453,0.0633619323307245,0.0492466339043268,0.255568775928342,-0.0145029794523508,0.0189765587894863,-0.130268557527353,-0.186645998240632,-0.251525764692924,0.216683381839916,-0.0587552020313813,-0.175213218387484,-0.0773730620680613,-0.0682212232625094,0.0496191792164496,0.0520899884803505,-0.102845688345211,-0.148485931032412,0.450009200868288,0.0656247706300735,-0.00876167828732348,0.272510767192483,-0.109200752498608,-0.357250000690395,-0.184649879113677,0.282061337011788,0.144610216873992,-0.168860887793005,0.170673802113544
0.0510701159383485,-0.00888721178659135,-0.0126813993734581,-0.0633825996112725,0.122388561773444,0.0862918363804714,0.0788971229678618,0.105241969123654,-0.0514625985994083,0.0300000700790513,-0.240495480314916,0.261496733169116,0.236964831710607,0.0994183635857432,-0.182811196228086,-0.102168226104313,0.0510029319769523,0.0313197699609842,-0.184114130171888,0.03966660473079,0.197184167669015,-0.114545961666509,0.0601782472415992,0.196935654360008,-0.0878093800103437,-0.174262918683228,-0.0964382639862512,-0.108318193457281,-0.0364382710097641,-0.105097370089292,0.0046617599181411,-0.179546476489809,-0.255477356784186,0.169011549935876,-0.241505275163439,0.0482896500481989,0.168953954446006,-0.0906473539540913,-0.18956898146339,0.00987112638857416,0.160367024432804,0.207987824738116,0.138073180945931,-0.191454487448233,-0.204415989181741,0.254280313656079,0.341677384164984,-0.0234031080437159,-0.0279758433785391,0.0558605791747956,-0.110327483785814,-0.00407908822396746,0.0214524813263767,-0.119069428094107,0.17048923341209,0.29605983290279,0.000286438735162709,0.149282239048578,-0.138320982859637,0.00606271446654527,0.118968055316402,-0.122310049508212,-0.0704834303061368,0.213780962714702,-0.117229787281892,-0.127837161291119,0.132397910892518,0.188270850054311,0.0888206147185545,0.119986241493771,-0.227148059351462,0.226802606338177,0.179438430075667,-0.131023983914724,0.150907864613487,0.142875046897429,-0.175840467586109,0.0449826330644823,0.102927338600824,0.202776668467587,-0.210218411391346,-0.130222253954774,0.190233454729723,-0.094514074970724,0.331132428156342,-0.0142404511512436,-0.234821954099256,0.0568995087462554,0.238688740536921,0.0133931120434495,0.0223751349388241,-0.0217227671207471,-0.163633897633115,0.110670841354717,-0.233416109383951,0.00183795758627948,-0.0910825753132935,0.0573613678486006,0.0152114054121048,-0.130748051901654,0.179091823723942,-0.107089631898704,-0.150154679500486,0.122898718852115,0.0797692074188833,0.0685070302207134,0.163100300477744,-0.301391714249146,-0.255244272667175,0.0838613099419588,-0.0584667702887211,0.158596761648283,-0.0979055430246537,-0.106805125369883,0.151682950621636,-0.0203546738619195,0.109344504386666,-0.111821545529757,-0.131892576291913,0.00524471514620311,0.274936858222601,0.169278159118068,-0.00749650674296939,0.0812425744927157,-0.0329166624931072,-0.07136638608983,0.25481521914152,0.203096871407075
-0.0365321205883522,-0.020160864526663,0.210541006661674,-0.0766370906606005,-0.0767631970926606,0.0790058816823467,-0.166407952062199,0.00966132246987722,0.201971894601483,0.0191485729935414,-0.0531343277476871,0.227365051265316,0.0508862497729122,0.109375313537447,0.176324725461446,0.0339418040620371,-0.12458753224328,-0.0656706143074628,0.101461555375111,0.208327561897079,0.159080226441703,0.00516226942182155,-0.159190562114308,0.333375803008567,0.271342664725006,-0.0115143456699689,-0.0395922706728646,0.141022594695702,-0.0186950708847946,-0.12799128982217,0.379711703466399,-0.237128791494693,-0.193092025488751,0.158512114280608,-0.166071540883364,-0.285599903402997,0.154135499245942,-0.173587480040959,-0.0179397147334531,0.124211065633686,0.0478713169891627,-0.0169321583979665,0.163083533001262,0.107082321241524,-0.234758078755835,0.123562422082986,0.048008359429597,0.0121457014982033,0.199405007288643,-0.0957620609096408,-0.262947266679609,-0.218694369864747,0.0239345627191532,0.110730009089084,-0.0829429835236683,-0.00402392148075754,-0.0189040534507551,-0.104661859240835,0.15498022775605,0.275970840219342,0.0212638314865558,0.0402212486000578,0.265994952689352,-0.112377641252558,0.122708414235213,0.127817725655272,-0.118865689924002,0.187680084936878,-0.151022383025969,0.00771954949824246,0.139125308740492,0.00587902875646731,0.0964827194950948,0.0215859893947247,-0.0807058722870099,-0.0312401502053831,-0.308899442018312,-0.020974044096067,0.122462977385579,-0.0996536764641695,0.125982531147223,-0.345936260788608,0.41152909610418,-0.117833249453587,-0.288658930326609,0.0924732442191135,-0.00396866487804598,-0.204704235785344,0.240538517150458,0.181310004630625,0.0179913973014647,0.243858489112552,0.338803983579794,0.109879611328069,-0.114507901106081,0.000147900692825487,-0.126233838047357,0.0180903311591679,-0.156505734211542,0.153305483043319,-0.10429264586983,-0.244104010185241,0.00734894352719314,0.150966780593751,-0.424741144773349,-0.0458032895943114,-0.0506000493645137,0.141514390394296,0.262925512046034,-0.0900330780563239,-0.0632034951740062,-0.297083737989777,-0.0978038829349748,0.396629451240142,-0.180640576652935,-0.0358515578146133,-0.238335519707249,0.133359407606796,0.276223843717752,0.11557891094132,0.0157728708336001,-0.089050730784971,-0.153072828150605,-0.0141100712123948,-0.0207454517923412,-0.0335507755429716,-0.0290348354591028,-0.152789550435791
0.00917032371440236,0.131995654767311,0.073899613565997,0.184601454112674,-0.0343776739476061,-0.144775159487838,-0.154858566529177,-0.0250397136661405,-0.0502650293508702,0.0200963511226976,0.135671927671125,-0.19590080009611,-0.110786908531345,-0.228809517513756,-0.0476943040243846,0.108711995616541,-0.0283108005271118,0.0168964179536107,0.153209432170861,-0.117543535923995,0.0388275602283095,-0.0834867563975105,-0.0591497936117421,-0.232105544004796,-0.0974334896215704,0.219189066043718,-0.142443232261328,-0.0479782530798753,0.113751269830544,-0.0460676920740053,0.188383693984788,0.0768364599393533,0.0951350525943993,0.297447831667823,0.132437551779511,-0.184690800893658,-0.0237130905998814,0.165712933689992,-0.0771782804986573,-0.0529865104161717,0.0815268762668118,-0.139401806091601,0.234984582540035,0.0424331060454171,-0.101749938705869,0.0102974719923463,-0.168703643920688,0.0128728864678524,-0.221859577108326,0.0894820373965893,0.045005742493678,-0.203792775733217,0.0960435505813153,0.0279040095304679,-0.0125402451385517,-0.00387814081324415,0.0459144498030323,0.00361059103866381,0.0697121996841581,-0.136732199657777,-0.071917415718976,-0.0309115095254642,0.072682561085395,0.111217792734264,-0.17412756260579,0.0163151631988671,0.0337731100390227,-0.085410597043904,-0.112059898643691,0.0369827628192685,-0.142090332125843,0.0638811309167807,-0.225934862352346,-0.0327671936082016,0.22611109684261,0.125134932208956,0.0278543535993468,-0.0723476863803597,-0.173896823562715,0.0594682113620161,0.10037182803031,-0.0234521331795186,-0.166850814424027,0.158876619099904,0.0958308905733832,-0.0895130069428225,-0.117983655175058,-0.0486100502976976,-0.166209319578226,-0.019983155100711,-0.223789424210381,-0.0665474109015489,0.265311792288153,0.0587011620220973,-0.0909557551413074,-0.108217321773194,-0.0446730147911407,-0.0784141755348614,-0.131125773937785,-0.0799986977199708,-0.165444559555735,-0.147578584412912,0.0731012822102043,-0.0979604849829142,-0.0218215086216835,-0.116184669320531,0.00894753146338993,0.163058630348397,0.0588276405415603,0.0295978615806956,-0.217260825606057,-0.202057254061611,-0.0588186016969649,-0.0312450316881052,0.0836465679004642,0.120671125002547,-0.00939204479331192,-0.0588701968231548,0.0898817377888466,-0.175207519205286,-0.0145381497358924,0.0839342090386864,0.135883727876547,-0.0654680940000282,-0.0493995687703011,-0.193165771460372,0.124918161332565,-0.0509817993842937
0.11526014917358,-0.150138068651396,0.311927046412874,0.0175442001911832,0.088389640532426,-0.147487079746557,0.0342885220100356,0.0581404721057146,-0.0783870118248375,0.108339203033702,-0.123773186021881,0.0963588096658879,-0.19741350572898,-0.0347572043289031,0.0159880054757737,0.218504941721918,0.0552634730383766,-0.319528491115299,0.0338650848923777,-0.0734595178811456,0.0525773997605466,0.00615524977526298,0.0651657999005144,0.055650294841495,0.0557789715769668,0.0315223173892112,0.00383387143481054,0.0349125836175009,0.190161456885525,0.194814592991576,0.00652900782576843,-0.245206753635471,-0.101599869289149,-0.251123433711799,0.239562267506542,0.00853992432195551,-0.0322917176271838,-0.0723817688982937,0.187150805939015,0.0427586192377215,-0.0825577587631818,-0.107942496879064,-0.0148716958999434,0.173395064514671,-0.0955947251510998,0.104637698055287,0.108294874606335,0.0420969938389888,0.169666304740549,-0.30789897786751,0.168793492621983,0.103027612664727,0.111427669680538,-0.163440015225328,0.054100783336362,0.229049183578329,-0.0362147264936713,-0.0667307765870402,-0.0818115110964988,-0.175927060826655,-0.0760491362980349,0.162192432921329,0.210779534764049,-0.169123316969346,0.00365390632511365,0.282703459308742,-0.117506213250923,-0.062116468103213,-0.115696498371873,0.232275549447896,0.0831766538258131,-0.0246674543835172,0.0561972807577783,-0.0894684348793951,-0.0924015870581358,0.169932189890975,0.112941945981548,0.0527280828920216,-0.187695996523378,-0.00546109501264172,-0.0792369498307764,-0.143776780440205,-0.0891500299635371,0.0809939170243859,-0.117054320807057,0.0868570380590212,-0.00671889016884834,0.107610533172874,-0.041781023272839,-0.18763698589648,0.175062742760144,0.253062407741824,0.0831856922369925,0.024467045662683,-0.00439383513687739,-0.0594471458468981,0.275408385635291,0.217331378615877,0.185511120449224,-0.303638400527125,-0.0109379399456557,-0.215483134264767,-0.171994748620325,-0.0661392586888245,-0.0829892652125714,-0.10359578408054,-0.0274070338973743,-0.0851294687054933,0.267248283750947,-0.0539993084907722,-0.141774990133072,0.0428280351575342,0.0641377751321926,0.12813579379544,0.246280662264448,-0.142139078790947,0.216184893259754,0.0753090682939711,0.0472188111227052,-0.167091092367723,0.176814130928912,-0.0487544325981236,0.148076349398478,-0.0601923013823738,0.03277781621102,0.0501146708491839,-0.211029758867787,-0.340796282733739
0.479568223402043,0.195573084456429,0.0295518344019426,0.0922655662405498,0.0750712320982899,-0.180919526014527,0.0592053892441731,-0.239624735695534,0.0997934692629625,-0.00299466535937222,0.0714372181816745,0.0583812737107391,0.308235969094399,0.124652631616326,-0.0659953411780822,0.0829473716260856,-0.132956540108931,-0.0846660290509613,-0.0295395983619249,0.209578532794326,-0.181860866125046,-0.0602182867534701,-0.161169900574764,-0.11862877368098,0.0620708962457362,-0.184870807834116,0.0114212071073842,-0.0860485991117881,0.205703597101626,-0.0669352743136525,0.421684187131079,-0.3425742128548,-0.242880266141601,0.0354882165208179,-0.00510346898844992,0.0954807275428492,0.129488739852573,0.191570624346731,0.0267987350151892,0.0697153668400832,0.185271653688867,-0.0597543149603947,-0.0750175819987907,-0.200660187463861,0.13528473157436,-0.222139947984712,0.0160181505139838,-0.20095874707306,-0.00791059349365121,-0.138084575249967,0.2505503959548,-0.0337049045068099,-0.17105340992149,-0.0842459877663054,-0.0246826617357426,0.18848807224894,-0.0641122377660736,0.122648518778357,0.0627932206976271,-0.108772450176562,-0.213581236139983,-0.0189091886906222,-0.0104022996401033,0.0461318743176312,0.115374178127872,0.217759337020193,-0.120874612376754,0.275574106804249,-0.0244564146781518,0.0490541612447072,0.0874388606713901,-0.0542658061750153,-0.0157713213755416,-0.161047323383331,0.0455083920786672,0.140678677976856,0.166323179899092,-0.164855971274318,0.149727633394226,0.118088769838831,0.249717444649004,-0.166073328241604,-0.209914562597116,0.0367544027546167,-0.00683341844545131,-0.206246122056779,-0.0650547077181888,0.156938781205814,0.16340718438407,0.126397105549037,0.0752106102847856,-0.119272828635902,-0.215394266496662,-0.0500026134535796,0.0621433517770973,0.0472511840640943,0.279977866592267,-0.00803768938490732,0.201261234952209,-0.185929883754654,0.122076518305091,-0.132978446065992,0.0816003576712309,-0.0208727063033387,-0.263093217599993,-0.094743423689716,-0.174306417949245,0.0645400105347168,-0.0109879567750684,-0.17515643127563,-0.120309859645522,-0.0944368080340391,-0.17407297417935,0.156768205263211,-0.140872378142203,-0.0606057543578755,0.184128211393248,-0.0924943171541551,-0.0342783389587158,0.0654185815243776,0.150389577883019,0.25823019318854,-0.153458861909604,-0.220662219834213,0.149591864257203,0.012426440097173,0.0768643455467686,-0.016567508655095
-0.163141693552838,-0.0756969320538698,0.0600472610630466,0.133164155141709,-0.205838822688285,0.144529995240278,-0.0811066792831836,0.099260534806362,0.024591365810657,0.0566659044149384,0.102741023231642,-0.150941577210769,-0.102395457132212,0.0990449938068685,0.0944105006094796,0.0617336586726862,0.0769882372427831,0.0441529024278041,0.0141008037665045,0.0978045396135332,-0.111098256644411,0.0200460716251787,0.0737567860828265,0.102239087595482,0.00219926996064064,-0.0146513635348994,-0.160868984171723,-0.167222500902059,-0.17163190819883,0.0491080791097031,0.00810007161984592,0.0134406805072745,-0.174825982450476,-0.301800696288206,-0.0418790074397985,-0.026375321133573,0.303787702159636,-0.0316506674564663,0.000946497758881173,0.16635488604064,0.149512981362675,-0.124466445593466,0.0471437101849428,-0.113347819600015,0.118101381445755,0.0951375256280394,0.0115084346932939,0.0226391960850863,-0.0634749514873341,0.161044292783584,0.0744669872895334,-0.147196264010957,0.218346093893691,0.0429727857813397,-0.0342992863408255,-0.0469241194371016,-0.135498240282536,0.111930351702274,0.0996584555058301,-0.0590927832143743,-0.0318109591185896,-0.00923180605889747,-0.2713637449461,0.142193712932583,0.0504864300467216,-0.0729595698428696,-0.0532552259249255,-0.0517680661648452,0.115311136203234,0.0825392022586255,-0.0331122842736481,-0.260137119876848,0.0686649356055442,-0.158325994030865,-0.219159418918815,-0.0208038833111111,-0.157567896538711,0.11887757200852,0.0807095441552063,-0.086515614888332,-0.191876571007518,-0.025124664884407,0.151133396108384,-0.0732349538722853,0.134437578127421,0.0920245004432859,-0.00988243161025528,-0.0400708382869754,0.196001798287215,-0.0121415125261494,0.0347180679774313,0.0423257987474008,-0.334608629314628,0.33282609161328,0.0591868579441033,-0.135498497695841,-0.0559728190110263,-0.118243027153017,0.170459196679507,0.000314804196920083,-0.0530148754324723,-0.123613439630197,-0.145076813858944,0.335853220847586,0.116180452632786,0.148509770184989,-0.262663431731121,-0.0858987157346435,-0.0920303812339632,-0.0675467078070228,-0.18578278746896,-0.0601901350830166,-0.073568833403222,0.11957354079864,0.14045285148579,-0.132702002129045,0.0371846472420793,0.232071218678261,-0.00913797226549628,0.0643550079724858,0.104994668010751,-0.0281298399268899,0.010898514483169,-0.140445115925762,0.283363027705092,0.216703103094467,-0.211954232490072,-0.0302866182487405
-0.140036610290802,0.0793366869232389,0.155300898153469,0.0841296065202631,0.28417544006241,-0.240443708910214,0.0940212497292787,0.0161928949080279,0.211110112447671,0.0917972558233632,-0.108073212738677,0.10338516837622,0.0428905793395471,0.136739151521438,0.254455014728093,0.292583746471389,0.0867274994276325,-0.148298397801181,0.0218448059895518,0.0493606637839892,-0.160155483474219,0.0872882084580187,0.037811081589223,-0.00733683082390712,0.0225742243965838,0.354676424882445,-0.0329265117188576,0.195371054655932,-0.0561012199682246,-0.138213299637028,0.101397520047523,0.0140053812585604,-0.114219101112302,0.232030136123,0.0933251976090617,0.00305646574232357,0.0291661232222737,-0.120517051817612,-0.115894312480178,-0.104294893198636,-0.147598989099673,0.030599386576334,-0.0682173565998777,0.174605106347894,-0.014122527403709,0.102690116409196,0.0326961929795759,-0.31494815459076,-0.0307484536234894,-0.0713618769232836,-0.100959443206677,0.046072987689666,-0.0389268921395925,-0.0232746175510476,-0.182629207295046,-0.0856335521900582,0.274396498155657,-0.0572592853752455,-0.200861938670856,0.148806147248248,-0.113598410418569,-0.0984723686854226,0.0407193600120395,-0.0736336911589185,0.117498874345602,-0.00305081416339318,-0.0647238891805007,0.0183016401498454,-0.0378247052565149,-0.142903177910382,0.155225646702142,0.208070330336666,-0.144193049868176,0.218997122367354,-0.0838470853595035,0.165685956000732,-0.0277105896661264,0.00404034223236149,-0.00546256902409562,0.0719506699894368,0.053764074889206,0.0440952529967657,-0.145018204140987,0.0690786847834204,-0.0786101042314858,0.00526264606415042,0.117452831124238,-0.135048308109149,-0.00886436276838801,0.0177333652563802,-0.063738554577884,0.148376650933813,-0.138862847146729,-0.177889478450721,0.0738427060205468,-0.288358617885619,-0.00436825775042246,-0.172938294051364,0.0229958307214064,-0.229898026348803,0.0378380736953581,0.0621923452427001,-0.098733137409437,-0.214882431279192,0.0162460454668953,0.246307158316755,0.0271136405017206,-0.12730103716535,0.325190962829888,0.0248060899468509,-0.165845633408185,-0.16081951072879,0.100975202973164,0.155131397066026,-0.224144960891445,-0.116251763581731,0.0899615696373554,0.0286614465737928,-0.277623951187495,-0.0628416666287538,-0.203959734447086,0.211816787254469,-0.199385573577096,0.199588745059951,-0.120914196883586,-0.150896270574697,-0.180113660710985,-0.090636649278808
0.0305291593900669,0.102898947814841,0.00802049417801697,-0.0464804844256617,0.177630500602776,-0.0684922960599487,-0.136347788505883,-0.160141372702188,-0.0489107769295077,-0.150526773923655,-0.155307805286838,-0.188229531605197,0.259217542076546,-0.0186537784570474,-0.0697756192181538,0.00317313127988566,0.0458426964986885,0.0233778841699595,0.0785467820534135,0.11540260171922,-0.0862385139917856,-0.0253654780396487,-0.0605190100955986,-0.155940231684494,0.16870269422407,-0.0818824534695086,-0.116512351986233,0.126044773571156,0.111791400788641,0.10479277626256,-0.268485907292791,-0.114862393874084,0.0256029729562584,0.016350206792346,0.00359300442664236,-0.0755723925195781,-0.08421101299249,0.0238492668082549,-0.0429850517682762,0.197221564194408,0.205167616567866,-0.0647422457657215,0.27763076017915,0.0565623497720765,-0.153637277551797,-0.155290198603212,-0.17830003190072,0.0387842327777062,0.0382147443925885,-0.0827848142986726,-0.0399573142189206,0.0126249572297242,0.0642061852678736,-0.180278519150473,0.244747101548139,0.125156431375745,-0.138163492308114,0.1749425798142,-0.0165983887948519,0.0579498014171803,0.0139499430754843,0.00875932348627739,-0.203482135203031,-0.1791055136483,0.160657045663557,0.0694784538081752,-0.0579885896230603,0.0605227355523896,0.109376078615565,0.132508942474621,-0.127341399350402,0.102075747958914,0.0689469026735689,0.0315169105194383,-0.0320823456208598,0.149307146520644,0.00658123258915925,-0.0800808214145875,-0.129640209154103,0.0817466988851431,0.00417591517564334,0.261059441418482,-0.0436444171450755,-0.000440914790773551,0.153105313580609,0.0023810716716625,-0.0434296570219849,0.0733256218055868,-0.0846542785475275,-0.034627219047671,0.239717556094954,-0.0263931443557047,0.0834763581253215,-0.0661594749467986,-0.0731716144783529,0.0823863447630026,0.145683322911343,-0.0164967317446966,0.0197249595533438,0.00957723605661477,-0.172546717071928,-0.0912229847700042,0.140731872334549,0.0557253178997622,-0.0790611571555131,-0.0604087553187298,0.195364096654308,-0.222909143025715,-0.0203815866152126,-0.0807329176517654,-0.00363479668614121,-0.17024067184624,0.0506223993044984,-0.137546848592986,0.144436600025503,0.027999276314565,-0.0401355435319183,0.0427910180537894,-0.041061589936667,0.0145534744960301,0.104997514879643,0.244578595370792,0.163806132264098,-0.165716805548053,-0.182713425355081,-0.0256602702032015,-0.116001576609752,-0.0661787922790766
-0.146894285050804,0.222911626837811,-0.208863406174731,0.0689333255108807,0.074189676993121,0.157135794691571,0.0244782308162764,-0.198655867973087,-0.120605898422588,0.0128484262877051,-0.0313469490441591,-0.308405213133428,0.147283079113896,-0.0479354754475958,-0.183725535803131,3.34817967602191e-05,-0.0351889641275309,-0.0468108840161158,0.138819907018451,-0.13489519128972,0.142372001312515,0.377968275395265,0.0471190816597969,0.248169146244893,0.115051946678747,-0.191593213642984,-0.0269623014976226,0.0999977696247361,-0.132498019264401,0.0583977582457685,-0.335625394984758,0.0988928126080128,0.182963026376323,-0.337466820853527,0.101998335335742,0.0349315969297281,-0.0544721476534152,-0.0676629896005651,-0.28826051560285,0.0271734656065104,0.19300728293771,0.0609650163233633,0.0701204928159767,-0.0155152245083813,-0.220897980086724,0.321193466465801,-0.0117855277112568,-0.0821826681651587,-0.0847989873360683,-0.0464645722506902,-0.0948657223651876,0.0125045692916558,0.121318252243985,0.180221534133294,0.218747950127751,-0.302689024349352,0.266697688964911,-0.381386377364867,0.253113525990324,-0.14718823767028,-0.10005991672194,-0.163132443879611,-0.243531223775836,-0.347683596458448,0.35717074981882,-0.146826472048446,-0.0376436844666012,-0.0445809319441358,0.27019112930005,0.0567881413949061,-0.0507697222217972,0.177532690154171,0.217620819822618,0.346624547462092,0.124656169117944,0.0482756485991532,0.0578708673023684,0.0558461560019046,0.145676801223974,0.139970673594256,0.238521286890424,0.0739695786862566,0.0124338368132967,0.0405576855009294,0.107994769807069,-0.271888276028472,0.218862120643282,-0.0444395633848971,-0.0531758346275991,0.300700678500855,0.098577077046326,0.122520973165231,0.156058807913639,0.061954768302858,0.108614393117255,0.0258284561630836,-0.242780859333144,-0.265821756937898,-0.0233092375951559,0.188853226605437,0.108046933999453,-0.342710275614554,0.0400509558799465,0.0806214702694492,0.0163316794258453,0.113005926391465,-0.253340642900576,-0.224199409835524,-0.0698695238598776,-0.221467632603046,-0.2703784416136,0.109122339978392,0.0731952058089967,0.245207691306957,0.00410991014239356,0.0998862184393443,-0.331871702036465,-0.00121720901815016,0.200289586478638,-0.250267327340531,0.182491004838448,-0.232673568132711,0.189918460302606,-0.074849513749569,0.0894321176607905,0.236153388760327,-0.0438061168904009,0.128043799122304
0.0682256209636794,-0.0843550202438097,0.193184012268764,0.303257184283605,0.116847655619435,0.229782249161492,0.130524188994154,0.011334805737922,-0.197510602360121,0.040880729034318,-0.0983701167748996,-0.126467158247206,0.135123598782456,-0.187713206210514,0.0301222550179811,0.238816856242891,-0.0962896480081737,-0.213794877367313,0.149161603875752,-0.045533068635452,-0.202682677844578,0.304772034869257,-0.0704974555469071,-0.134999360123403,0.10491492504234,-0.182992275109779,-0.0162611446525152,0.0831646427265527,0.0378620896061566,0.130786120633071,-0.200691816728216,0.0513417949685927,0.213274088581332,-0.021588490263571,0.186946283743907,-0.138460186182543,-0.178293795334504,-0.105268476112798,0.281324335181861,-0.0310873794603781,0.013651799050986,-0.273650253552484,0.00158975609640854,0.273011571522809,-0.13474952663277,-0.103284890507803,0.160674615565246,-0.0639666439026696,-0.243873944897913,-0.0804326215303631,-0.163403742748875,0.0205967734531609,-0.0230248882502707,-0.0925425719458877,-0.12331365213767,0.0251680159673564,0.0371110086468981,-0.0987963650342054,0.11096980666126,-0.12474897112827,0.141830050846241,-0.121475665360912,-0.229023858217707,-0.0893833912236755,-0.0116478710420419,0.0870866891754719,0.0350305753402524,-0.0589800898125205,0.0946587454237713,0.22515200031293,0.111261875357686,-0.0927263351409623,0.273256685841263,-0.0357944355000085,-0.000258037281443148,0.0707775263009375,0.132430161357247,0.0600065598705375,0.162600854596291,0.177659202492833,0.0214742808743789,-0.204180425730035,-0.175022482634186,-0.048251007756573,0.013201512321455,0.241342038781348,0.108718286908305,0.0268965368105881,0.149829510786676,0.228306071572048,0.0638440867835512,-0.100563902251285,0.345479098310642,0.280661088218392,-0.0838837679987317,0.0905101777689837,-0.124841847078432,0.0808003482867142,0.0628817497224808,-0.121892410391168,0.0365391860076466,0.346424331682737,-0.29588010988236,0.00304768711605822,-0.199232960200054,0.257583470959588,0.107671444806548,-0.0550210623061824,-0.0181851918509247,-0.203635960551241,0.18269733547571,-0.138275045479052,0.0350056481948491,-0.119779588949478,-0.400844137660982,-0.0400966969345545,-0.0064515103019162,0.282188719692918,-0.225776241992667,-0.0893178443794268,-0.146016956169077,-0.0220493994182349,0.338230656283759,-0.101993387344219,-0.0502903850604819,-0.0580815751145,-0.158597558992845,-0.106766803437466
-0.217510897323886,-0.191704185585062,-0.0370685675498728,-0.0888026606211117,-0.0577288990900235,-0.00944605354969291,0.0703764291002293,0.0271543690542479,0.116248444231259,0.0633162246918905,0.132481518139826,0.229711891386067,0.0319897651409057,-0.0177249030064604,0.191573740966526,0.295899684787617,0.0538960698297952,-0.142618303510819,0.141495482386672,-0.101908717581949,-0.248776245982595,0.224078906571341,0.249644314534618,0.0218797132062627,-0.220793491516954,0.242973875441677,0.149316501463978,0.13586992265229,0.109260619756362,0.231512897875548,-0.116626147644754,0.186467560969177,0.096066605782127,-0.132555356216295,0.0167732886159449,0.221199480639901,-0.0676694645974736,-0.0525734704384268,0.222857698367746,0.187104816004253,-0.140274257402645,0.129288182834809,-0.166808136580073,0.121266013006873,-0.0295998744772473,-0.130460454979525,-0.180896113996068,0.114919740057417,-0.0838544857464525,0.00279707314905347,0.362393001050664,-0.0141197264819181,0.119191077761604,-0.218560265370489,0.0615234312987502,-0.159519402308626,-0.192603791801433,0.0885713133412398,0.111527667601211,-0.0263533057207476,-0.0352337012085309,0.0906002005566474,0.0736486323544761,0.200450529211899,-0.0423755593455573,-0.0805586360673343,-0.109538880736334,0.235214394680424,0.0519757036334845,-0.307462536591199,0.0221157837580735,0.0791116152952533,0.160207852648549,-0.315720732274638,-0.0516404193914868,-0.111995521281482,0.160433595608587,0.0687773376942404,0.0468374337396797,0.203997043964378,-0.0135098491750743,0.218130449906388,0.173138861062947,0.16503409943726,-0.0793473997395551,-0.302775530222738,0.0741702497430266,-0.113674040667614,-0.104611899966359,-0.362779082257638,0.132302782587899,-0.136041478158878,-0.255982064746613,0.0408515477446816,-0.131983905652037,0.248209204812896,-0.0627927812816497,0.307757717318123,-0.0602125190400714,0.00163917011179708,-0.0220115060484305,0.160638418143851,0.148570646508981,-0.238441773499826,0.0929337927534079,0.115893993787005,-0.116360956285423,0.343240558405188,0.211454619538614,0.0782824849061217,0.266445691639226,0.0866697955537312,0.115119484479012,-0.108919973311263,0.134067064990083,0.0946829739453077,-0.00964753125330223,-0.0824619524260903,-0.105588745035754,-0.0896733787292943,0.102433521744473,0.0718713121427259,0.213736893909202,0.0946474451568113,0.132881347755221,0.0417419726492677,0.22641151461185,0.124512824291902
0.023830441803528,0.291484545247029,0.0932835128395607,0.234165081800258,0.268429422069943,-0.277752068601897,0.0348539749695942,-0.120841131666739,0.191759643095539,0.0884586079540408,0.275407039017563,0.206379414360647,-0.0087011898896772,0.0662051271702757,-0.13999151099408,0.0767862329901437,-0.0274669672075037,0.0306722217486055,0.194422038143655,-0.0122809677414589,-0.0451204247172517,-0.110866061033178,0.138759504516967,0.229608223419786,0.106061957965005,-0.104932046175613,0.00585300942684722,0.223872569805324,-0.0335710385800394,-0.514654041228505,-0.0444278587251126,-0.0225367309049488,-0.419031212495138,0.136082476957306,-0.0119713211696417,0.238357017070876,-0.119383509009526,0.056286790869609,0.0263911979131842,0.0434557906601676,-0.20053669967539,0.0248818796008678,0.0318554524054923,-0.0592121918107299,0.223034739412944,0.201886058052057,-0.0611259570040302,0.0394793481337808,0.104506862292667,-0.048471912499194,0.118425551639742,-0.0737943338971457,-0.359248864841417,-0.0653172613296125,-0.0651695015332286,0.345404285291158,-0.363754928582832,-0.0783563032678627,0.184537927258608,0.0636562581924084,0.246007672198312,0.255231161723548,0.139954494236474,0.123451341790128,0.24053799875163,-0.0924422249370614,0.125095847368847,0.160715635244188,-0.344501916308471,0.259660734978319,-0.211324734009504,-0.172940146257857,-0.31634302668754,0.0362730168596034,0.0899630061476129,-0.0345521611091269,-0.112159432033429,0.00853721887565977,-0.0797377969869358,0.1463720044726,-0.261727510396982,-0.104003882198872,0.284578540369091,0.146410736875222,0.180634507383584,0.0602222986562581,0.0319691986782826,-0.181886103215267,0.183694815754426,0.0997199394252476,-0.0618386554686472,-0.146865721864969,-0.150853420856768,-0.117209356177459,-0.0377656331620343,-0.0868620218972582,-0.00816030221586402,0.11870935231172,0.0664326496835121,0.285578388666702,-0.0480168714782996,-0.0851690653854112,-0.213357619687174,-0.0625902915840045,0.1317451968124,-0.278564957319652,-0.0420731277324616,0.340736780701067,-0.155218378075451,-0.040072648113371,0.0231554273748328,-0.0480850784216128,-0.0292852582345265,0.292021682224713,-0.095899468465944,-0.0681776252127827,-0.116016496776904,-0.177846699178316,0.218383752700312,0.149965903571235,-0.185029509571551,0.0946704147062622,-0.221300945581156,0.0428379195217847,0.235043180255425,0.000195401465656137,0.175406146553831,-0.217512323840877
0.00275459932044178,-0.0118046852241077,-0.121392584080225,-0.0486052254264826,-0.191151534656334,0.0982851468153449,-0.145352845588926,-0.0114258323697377,0.168922923364669,0.167852331564382,-0.0480950362198869,-0.0568995264911719,-0.115452647343798,0.0594280679935688,0.0413877764657995,-0.412469728351277,0.00444431271189165,-0.0582854538526153,-0.0376570354136926,-0.0800737181107788,-0.16189137129106,0.0152168354184547,-0.101936113192051,0.201670422374481,-0.131947315278191,0.0547151691181892,-0.281023545205347,0.090026408131792,0.031881101590068,-0.120580166166281,0.0465978603511908,0.0918012976167422,0.0895537129847013,-0.0795983821189951,-0.0770991618153908,0.124278506362708,-0.00836855764217419,0.0726033504323064,0.0461509949608332,0.00318521124454142,-0.0412741084937423,0.0105445620610513,0.185034995510821,0.163768438219453,0.207448870316143,-0.0585804266151857,0.0867029158493565,-0.0549001695167528,-0.00281046410252099,0.0539920586300482,-0.0126017226093832,0.00198433910393581,0.153976152857695,-0.019886983254262,0.0104246626020298,0.00580590820789146,0.0784780931695518,-0.100714835537322,-0.0880703684070844,0.143454095611559,-0.177204374801102,-0.156924010150757,0.12546442755259,-0.230598148638451,0.301521652375965,0.135578971126603,0.0975352883482835,0.0890801086117444,-0.0298720074945649,-0.025478002843974,0.17345439047106,-0.236976056851169,-0.146901054567148,0.0881476731072601,-0.117329059938199,0.0764559388817973,0.0389772444765842,0.220663908518768,-0.0611187857009135,0.131584885493765,-0.108762785794976,0.13792539375051,0.0437446552619234,-0.0919726501851054,-0.254152428352091,0.0289877060728986,-0.0677719636565377,0.0476928984215574,-0.165758788366807,0.0395293590836433,0.0561413684555668,-0.0037145400922745,0.0730914943107896,-0.0718979150105636,0.275036752855643,0.0216985464472344,0.000190869880097703,-0.0253995381554225,-0.0186588928555744,-0.0514858874704963,-0.115908550687213,0.0584992386626008,0.0281083015025826,-0.188581978684756,-0.101852272159682,-0.100079547212025,-0.0163524836569124,-0.0230340066025464,0.176879890645814,-0.208901959088428,-0.045314828832544,0.074529543525418,-0.158784393634375,-0.0138946168503655,-0.00601293548812089,-0.222327441274492,0.081287985680545,0.0673348698470856,0.047173374771293,-0.00398521299526349,-0.180321800905854,0.112080669192319,-0.0657142277666996,0.0847107343134613,0.0984664271466198,-0.148984091404363,-0.128362561517965,-0.0491109565178842
-0.026541115450011,-0.0166628390483417,0.0465725536420217,0.212494059673166,-0.304545566202302,-0.0761394950365703,0.0549147342251555,-0.0360115369465551,-0.0241634844704367,-0.0976305584519729,-0.0967897659967822,0.0219042655684262,0.11425127593549,-0.143683032922969,0.232195516873845,-0.159558559620698,-0.120742487726353,0.0429474017449831,-0.219863111529776,0.0539825577059993,0.0867099482693053,-0.0984933632302421,-0.0388619437625125,-0.0703419686236822,0.122120231765554,0.305020882858115,-0.201585090543614,0.179791351844178,0.111196893576328,0.232334235171587,-0.167470146622294,0.0993906163519031,-0.203678370133252,0.0315463591350419,0.114402550205184,-0.0923690773055581,0.0830417120236994,-0.376874247105728,0.172065359238163,-0.0266419302213043,0.0925081638168045,0.0237984847894232,-0.0960535363788602,0.208592007200798,-0.146959893126426,0.052891009137909,0.153627406535353,0.0650498602927047,-0.186883357567823,-0.134772415011174,0.0702491603360353,-0.0600567141043571,0.0293353328459907,-0.0845703621883709,0.319608665576364,0.0605504781525625,0.121734457134215,0.133668508607571,0.218952373066602,-0.0826987423302099,-0.0701914686291653,0.0935898284064992,-0.157747101835713,0.0121254981359412,-0.0981701955753662,0.106732402414003,-0.0689129645081019,-0.0742624882423527,0.24306262847784,0.102490753619011,-0.272839322112724,-0.137956416378044,-0.384150892570951,-0.139780345317222,-0.0292667427805612,-0.0309426628066885,0.0130079484096546,-0.117000816680674,-0.261773426843316,0.0390018582029541,-0.0199789254431947,0.0914644622243175,-0.0382851923465086,-0.0245147213683511,-0.0317891865536291,0.00870948466646735,-0.0597552275441177,0.170025809212974,0.212429590758033,-0.0468789271979499,0.404184613628683,0.202093920443714,0.00679783873991836,0.174401333312225,0.0260950163479745,-0.0467276515247818,-0.0177354661077843,0.0137385622895125,-0.29996114121874,-0.118116562607117,-0.143849750909589,0.102726293938544,0.00178728443175285,0.119501731383252,0.00335199666527847,0.0589315425270725,-0.205658055927422,-0.164245771509333,0.0347494659738297,-0.0330098815939979,0.0397234578148836,-0.00213216941004204,0.0360187888721275,-0.0712966477262284,0.0434619696911536,0.125732291466843,-0.132535751811031,0.138760349746787,0.0470984947229184,-0.133189075800232,0.155911718092526,0.167967541687968,0.0245021448504397,-0.106069470230191,0.156255598813562,0.0251145085146275,-0.134498097964452,0.000668031802457
-0.188548568606292,-0.0813645514950778,-0.278988874803122,0.122327378308178,0.0438007432633451,0.0104404462552566,0.0976354381748326,0.00114057231475341,-0.132986163357235,-0.00779288670431119,0.0971493819306511,0.0584602736937473,0.157074379458794,0.0362279337621452,-0.0767537199841733,-0.0305283378252761,-0.02226493635834,-0.176063229018319,0.195117719726361,-0.213636042702421,-0.225473734991679,0.202015911845963,-0.211650950122981,-0.165520051244794,0.0512583753824781,-0.170608203845515,0.100162237287756,-0.0144273793688862,0.0613502272282497,0.399314554863954,-0.0495974715567767,0.14867939497962,-0.121858368585855,-0.264317537345425,0.0319555204310232,-0.0532306408890111,-0.0130171067316098,0.153280146262742,-0.108246077050871,-0.00116560451555486,0.0965011043296771,0.344885906873925,-0.228531644995312,-0.0429973194442622,0.10187878482635,-0.194900051530452,0.166457547457153,0.00497484253727036,0.11894870635293,-0.000314136732520622,0.366085456135466,0.118374354234909,-0.170711903569899,-0.0923678525629624,0.149916680046046,0.266058082738,0.0961363958204323,-0.078876381787789,-0.0605405132301434,-0.0443758744581416,0.279797724662397,0.107348250146867,-0.417486286815305,0.0388490744600465,0.0728592025639277,0.0145147032032649,-0.00852842381209551,0.175411197520018,0.446244932300056,-0.0274861204717362,0.18988447619989,0.123850127386928,-0.0231027880982558,-0.372292265006535,-0.169557848011383,-0.0209126558712484,0.267615554442403,0.100643601217924,0.0986023690663717,0.0393778558053134,0.0869342893403036,0.350272169678324,-0.380682960518447,-0.08955397038815,0.278305371070399,-0.313570329568964,0.0556030374938079,-0.173023692345379,0.0707905078054707,-0.188688381150148,-0.167840403285734,0.0388081182077004,0.0246785632176136,0.0819734334572289,0.0317986362742446,0.00860617083086497,0.191617078225824,0.166827629013445,0.121730116722785,-0.172797782210801,0.133781159326761,-0.0517598661739486,0.166808856992358,-0.108705205262519,-0.155022283105912,0.0506334192889941,-0.182917720226173,0.0810207814794073,0.0720017795845903,0.0883397310922473,0.0225835396509765,-0.198354947925166,-0.220004699478502,-0.0490604691754629,-0.026592818872582,-0.038104919526317,0.112215567701845,0.1954005876524,-0.0759365978902277,0.0279478226785153,0.173153126740589,-0.120838897241577,0.0745876415736363,-0.142482501772196,-0.205848509448837,-0.228659357754491,0.0333785628792043,0.0663128038153782
0.0479202291778648,-0.153600562512823,-0.0433801158491596,-0.220664347310326,-0.0581417066793889,0.270486178367135,0.0122897825939469,-0.289535865198299,-0.201709118185216,-0.0367020940854729,-0.0519711214777271,-0.188814121095996,0.0882071075799064,0.245399780404879,0.272057626529407,-0.359612143342919,-0.00918401170884359,0.205505706049275,-0.17299064767268,-0.175454655047213,-0.00463772096676395,0.182135780586743,0.202320010382619,-0.146126772237862,0.151639954150589,0.100831899329922,-0.166631714129539,0.00363213513808066,-0.0709000321552361,-0.0478801092587052,-0.105305351729134,-0.0471735677228605,0.0224058101869688,-0.0828624030639582,0.0658798641518967,0.0200032220710621,0.13923346622531,0.0629113903903421,-0.103395578370091,-0.0196136476859821,0.352979354833335,0.0834603132954586,0.0719211550022445,0.0714958823825316,-0.0429868440781244,0.031802416386835,0.108675422999687,0.0933745203860018,0.0178624554103672,0.0432931016870165,0.280153834341207,0.00881010356272704,0.0572391692252902,-0.00158368578843701,0.117695875953744,0.172545399938362,0.151737221585095,-0.0216204664986591,0.0654484965688612,0.0734329859680091,-0.305853320378732,-0.073652473219184,0.238233864099915,0.000395081455317199,-0.335242377269587,0.07482198007923,0.0277828932221183,-0.0830702418350518,0.244721838327937,0.228608269618456,-0.149516068798067,0.179352284947371,0.162187978251701,0.054971417477223,-0.223958099623139,0.0413703600488574,-0.0125938552481341,-0.13408735721501,0.0319804711124353,0.0885269415691817,-0.360126336447113,0.21180001411554,-0.0393444317084269,-0.125714361116033,-0.155519693634192,0.112345515247993,-0.172070958900366,0.113347251022561,-0.0643149953446476,0.09438929296717,0.300356616995029,-0.0109285603670596,0.0797266519136336,0.284199052058327,-0.328164959292412,-0.0574892131783688,-0.376617082638892,0.142624828544495,0.152260246962036,0.186204960199156,-0.017986805651982,-0.0720660636162578,0.218309008553726,-0.0697030798482217,0.0253351868621635,-0.0740400183250325,0.0171095233625082,-0.187766641971321,0.0205947984302157,0.149150372520619,-0.147412521030493,0.0954331108412958,-0.0111959784382834,-0.0972576344163877,0.161207717840743,-0.104350916693057,0.0284459520212366,-0.102649135875194,0.0570092244644683,-0.0860185129542828,0.144183207821767,0.150263204877784,0.417768908839269,-0.0470652852422603,-0.171222176071892,-0.0422570931589809,0.251780285524952,0.162265623831241
-0.0648227135249418,-0.0831766391171565,-0.0312715937276539,0.321333769432947,0.0927246656487524,-0.156863152356882,-0.304012932318978,-0.205651111892033,0.209562149851024,-0.317240420985319,-0.207707303595743,0.531203357709842,0.0613162524003207,-0.00635094469433442,-0.214406918790594,0.334358475019675,-0.155992459434769,-0.54437089303533,-0.475327245213079,-0.0879507026198294,0.312633603210743,0.0663044645719348,-0.0309442849841701,0.170136873715538,-0.421164040691541,-0.0684288649667398,0.0738180240178621,0.0345843337473533,0.0364863031329137,0.375839914381609,0.079280301190566,0.0314576802720115,0.0976427783854925,0.169246336116783,-0.0773697494578753,-0.146493161027467,-0.200765722502995,-0.0366088743766018,0.221465772708675,-0.0222557426716208,0.252641609458729,-0.215494639450639,-0.237101510325827,0.144434051279884,-0.07313099188814,-0.0269850370491528,0.133031495467572,0.247101432697926,0.0527711558206209,-0.163612295068523,-0.051313514849963,0.0528633000062176,0.280017381915184,0.0344413259163803,0.482078037655401,-0.0406114471345534,-0.243752911923229,0.107675775205952,0.0873232598350726,-0.0552073988017211,-0.0451361047749715,0.18175888564587,0.0197626621838449,0.154639077609714,-0.037880059121407,0.229258614665385,-0.0700020471225586,0.0816226636137702,-0.040738789109818,0.302723552083634,0.158578757168853,0.0786326539632083,0.370354085867243,-0.0627228917068011,0.167404352884449,-0.0158745922445352,-0.270858181455306,0.415640869295152,0.110715407816567,0.0944905573374711,-0.000663018821506325,-0.0504020671894838,-0.0393487735980343,-0.176176283750637,0.226601597141782,0.34777909580941,0.0144420520502306,0.00938908221845325,0.154565228755421,0.107501278755474,0.0563898264178581,0.209390325933045,-0.400682603552749,0.0749738095809131,0.0103046445163602,-0.1965632141775,0.169864071613903,0.168465450773029,-0.0524019655545666,-0.533676733270904,0.126575445332752,-0.33806418122263,-0.130077600606084,-0.113755702405711,-0.0513740110207364,0.0930870705339039,0.00156173775419541,0.243254604351067,0.0516844243136243,0.295512800943003,-0.0334320484760136,0.0801635739806111,-0.0903073553408469,-0.134134735145439,0.040330773959556,0.00199649525337739,-0.00295934597582531,-0.203710854261561,0.256328152345549,-0.008191107836224,0.383201470055659,0.163435453018092,-0.242550132265042,-0.301287847887214,0.181327030106219,0.108152152130763,0.0508394245846396,0.245021787880412
0.028804998614138,-0.0243566163169118,0.141637002649439,0.227910541518571,0.0117331556277603,0.190428955150395,0.255838554541378,0.0515061020892909,-0.0986115475355898,0.0814241941419814,-0.196422185420954,0.075386870344361,0.118893944015285,-0.0455062281035943,-0.0422528251655026,0.237722274213965,-0.1453359526748,-0.116443525273354,0.282723642772281,-0.0813988990634724,0.146612010883765,-0.0704081181112909,-0.0115934486383864,-0.0470135249300425,-0.221789256536775,-0.0179563103108515,-0.0894781662369124,0.0250911394781512,0.241527098267926,0.117671731208114,0.0555307875869718,0.144881028860685,0.10224939576853,-0.239148075937138,-0.132693638785681,0.0399942113745851,-0.0978242229137208,-0.101748748630735,-0.0337623561417946,-0.269223431557102,-0.149715140167901,0.00296948466503693,-0.0618611661029503,0.00805239557674535,0.0792107692033527,-0.0433056456432351,-0.293469447580507,0.0940887009004631,0.224589520698082,-0.441906346778256,-0.137800605574361,0.326742783072351,-0.0955600457874379,0.121102598741363,0.0393627671280418,-0.107177851552647,-0.0373448015967874,-0.222300056651345,0.115700374740786,-0.105327056261949,0.265483042498687,-0.185178023735153,-0.00124605223551285,0.0634116578047907,-0.126255846939588,-0.115877086147934,-0.0931450648918233,-0.0112856974397933,-0.0859034632672907,0.0783275693548064,0.186201035701319,0.133221229090708,0.0287251839183963,-0.0514999559094776,0.291991956278932,0.132522017740661,0.113208433758276,0.0953040963414684,0.0603151227353811,-0.088255064490868,0.17321001544826,-0.0814997345595028,-0.37671480909696,-0.234086004608028,-0.0734783174642313,0.102751864777445,-0.0758805224561206,0.250162436546053,0.27002251688729,0.00556573105883866,-0.0796416124818962,-0.0634221120626771,-0.039913666127906,-0.107540475446474,0.411640789124798,0.0352166695437666,-0.0554900083438067,0.0477802054499089,0.307189754030981,0.059157214328516,0.133280226687715,0.0717506978810559,-0.00717961619876948,-0.127034087777573,-0.14205869181909,0.0011809795675163,0.00957046811875196,0.282205743032862,0.0662114017927829,0.0527683742569422,-0.121295696885292,0.0487510666499624,-0.0851968312270296,-0.197239558347679,0.0708051080810875,-0.146014603192338,0.249077779672736,0.0881476428875305,-0.0791685895080479,-0.0381479717283438,-0.0766084082023658,-0.0855260073446632,0.165818350586208,-0.00675732925365341,-0.0641466441146008,-0.191321219794046,0.165181836356669,0.228945469147261
0.133734499512221,-0.33399036524064,0.031256685498738,-0.129976765680794,-0.147754778491226,-0.000751251245766664,-0.227544583386238,0.0695188646108163,0.0442705682214349,0.22857589160893,0.229477700521267,-0.0326266324820665,-0.227331801543895,0.109919725210103,0.152263713038705,-0.130797297461141,0.411240892191703,-0.0296434340248571,-0.195294199574429,0.128932350724814,-0.0449558536003771,0.0156759502658708,-0.169495006238932,0.341695195280033,-0.110191277054525,0.204128171872514,0.121010154020739,-0.193492578861276,-0.0335285067553695,-0.353198397435857,0.0149874716927201,0.113589643245524,-0.414427687572369,-0.0646334698199197,0.0795723082175571,-0.038867412609291,0.348258819719124,0.0926675480634801,-0.0144703852045249,-0.0917543620636131,0.176557138443699,-0.00432079529737163,0.135833178564715,-0.302460868693521,0.191237334112656,0.0916003680541197,-0.187489593561676,0.255113724427999,0.15441479102652,0.125938807927458,-0.0186064902313899,-0.221871588664581,0.171269209762087,0.333219037053771,-0.432505179750504,0.0454088343290674,0.128777525176348,0.268836626971117,0.0414991270089093,-0.231774645090676,-0.384469015453576,0.098231330572478,0.103095062637748,-0.0606306318513097,-0.0359674291398739,-0.16114006707466,-0.0107931916746464,0.187668998296151,-0.141913868764967,-0.0217720105178839,0.31361181819925,0.119460732718808,0.026473125797988,-0.0318570498399899,0.0279159487811323,-0.119320135763561,0.153529557455122,-0.0645656009603967,-0.210283524693204,-0.0951331173148963,-0.105757568741529,-0.127645603773578,0.187977362868753,-0.339125843789409,-0.018350935558564,-0.059730512264002,-0.032826206966482,0.143384131880098,0.0020284391477688,0.377850970254805,-0.116355704508543,-0.183475864691559,0.0890685706090596,0.133920920636218,-0.284258760494986,-0.0831642266286837,-0.139645934314554,0.0637185401667332,0.135419383042308,0.424648597246763,0.0297656673160011,0.0188709490219351,0.10174054468014,0.174980241098401,0.180849469045377,0.128013310118731,0.215194501627962,-0.107026475804148,-0.213892202344879,0.206048283092853,-0.123828907967871,0.00686266671007067,-0.230286029694718,-0.000887181109545917,-0.118668163783236,-0.0340360035675397,-0.266980046559585,0.0436149707769434,0.119173180772776,-0.131291314371389,0.358883772509847,-0.120056801540427,-0.169101110021041,0.256008520910876,0.107688710907004,0.0247250819454641,0.184341825102217,-0.262898852834344
0.021840563421165,0.0607827471299369,-0.17341240056401,-0.213944973902303,-0.0908751492711852,0.0955451067139223,0.0628003087225569,0.0402744275865675,0.155472441920194,-0.0278695747782509,0.112570488372971,0.0184561861205462,0.286323827349352,0.138697065166975,0.119154211337851,-0.208618292757219,0.0115313956141873,-0.000452548744667807,-0.116854287623041,-0.0558033758373898,0.206852215858184,0.121465638299362,-0.125663511219832,0.219480795782688,0.040947091162579,0.150187857407966,-0.0356215170528397,-0.0604382470020152,0.261021064652957,-0.0181108387903469,0.0241388726292848,0.0528081367669597,-0.0712145483410264,-0.209884949869656,-0.175395317351287,-0.0294148998750243,0.0818234562688486,0.118528802787253,-0.00483610194498038,0.150482998376352,0.188284676635892,0.0575133636423809,0.0554555824949753,-0.200761690093034,-0.0808043105695895,-0.100561676811136,-0.00830313692227864,-0.154436425777661,0.0278479662579851,-0.0714154082605248,-0.182829788074627,-0.0391529033551378,0.00247154106595845,-0.24373455530602,-0.247828742254677,-0.090386846600257,0.111360490445389,0.251941070026985,-0.323083327623576,-0.0315550973286333,-0.0244825238932217,-0.070660626318231,-0.190952309344637,0.402428263333448,0.029540126058209,-0.253210168437965,-0.0222900942176768,0.0846768300457603,-0.0325152765984405,0.133062418655785,0.0510052918351205,0.330888729104528,-0.144129378266796,0.0691751807595729,-0.103534816227556,0.115930905455465,0.0250492817583808,0.0831960615867198,0.164471019354451,-0.0519020873340423,-0.0242553344415578,-0.144720761956618,-0.0090134298701663,-0.285965000470446,0.357826784948751,0.00703978598613442,0.130224245232675,0.288191535248677,0.159471330414524,0.130031439695453,0.00852200305219774,-0.019602752596776,0.267017322930324,0.288910300842366,-0.141984341009348,-0.245059057167021,0.116917960989793,0.0551131526502086,0.103737467108157,0.330594482713203,0.00125890607734184,0.0828985601815631,-0.116035057923604,-0.326067939823504,-0.0424131572827736,0.0312534021397268,0.0871929293675374,0.166531072507502,-0.119753077319026,0.0554504620360025,-0.30494889497265,0.156809992069087,-0.288785913624458,0.140053781983297,0.212976258012583,0.309303114532122,-0.045950269001956,0.129526247671789,0.057170520777965,0.104894429021789,0.242967892639134,0.00275832658634509,0.0644345080954228,-0.092323802946328,-0.00876123009940147,-0.170431294336896,0.011269782165678,-0.0285179127190482
0.0462936984790062,-0.230062420605261,0.0663268952316921,-0.292947988747489,-0.211894999903826,-0.134082630591911,-0.0925376435169762,-0.140984474722241,-0.033602723377292,-0.0959296032832251,0.255592758073631,-0.341436736093888,-0.135206334149716,0.0553887136051676,0.180252548431509,-0.0726197919589644,0.0130878845218053,0.0922380499525199,-0.367562075867538,-0.0480850929598354,0.233689567777281,0.0198574416149097,0.011228349161322,0.16149420968149,-0.120874986236675,0.152487671093666,0.120638473211549,-0.361497564695798,0.31720705676378,0.18977924039432,0.166599192075041,0.0228214269123364,-0.0812659472683828,0.0522738328109322,-0.0322240926495085,-0.31501166025285,0.102059002788267,0.168410811398557,0.158797206563272,0.0461398065269529,0.36693599973796,-0.214275301616402,0.0190037694399037,-0.109945525195012,0.0343491990192289,0.153490639439959,-0.0529186576163001,0.146112830396018,0.0376126193707969,0.269520578952684,0.15434224681992,-0.0137722588116685,0.107984217077478,0.0848777244614905,0.150226058724731,-0.150783879514702,0.221795510867388,0.23528579444526,-0.243625652101277,-0.184706775488365,-0.427448501083938,0.316389636079097,0.0561029027515219,-0.109432012034068,-0.331848359832152,0.0211685893943483,0.0266843748659314,0.175393130687557,0.195664866795578,0.10611862184796,0.12449498979801,-0.0157497895049064,0.112212500078338,-0.0437348950663494,-0.0227069277496975,0.0451731800588726,-0.259505289004728,-0.140427807304805,0.0197359817228203,0.0864861585771126,-0.0960214379378924,-0.0212383286654842,0.162013584984324,-0.559572507359771,0.0252460617394068,0.0885539032668034,-0.0984698222884986,0.10160549330897,0.144043180074885,0.110224395680949,0.170295148291109,-0.0611488510742818,-0.294345160043317,0.140846853055367,-0.331457690309187,0.0470375666670146,0.23481485263738,0.0491343618119496,0.0754744522059494,-0.226668895126025,-0.0167572482001058,0.187109650974319,-0.171102499262298,0.273402535362544,0.129857475414925,0.30271420245191,-0.0418257311194255,-0.175821751399244,0.163857311775476,0.279246477102801,-0.129158011399675,-0.0904052963943406,0.127144342105716,0.10760992234522,-0.00582808586325529,-0.00812059811448698,-0.227989073496302,0.165884616700254,0.0813287408743082,-0.0314160716070379,0.293961894816195,0.000856151972447753,0.0211090364039791,0.0387292297000676,-0.203412526784734,-0.135801595102348,-0.188047347366431,-0.112813801261528
-0.173692967318402,0.255267882957499,-0.101630570080025,0.0612857784343133,-0.142627973857716,-0.0491082652766999,-0.127634266522697,0.123518996573373,-0.0935803544993563,0.0911506229692901,-0.0627951988676157,0.0460633056428297,0.161052403794133,-0.0037468356148167,0.347592487866826,-0.310139500902814,0.0178954028947389,-0.121444787894907,-0.0200830016041966,-0.173749254613396,0.101453241930009,-1.46733601498755e-05,0.148679523029662,-0.0457193659431033,0.329703748948221,0.259082916829553,-0.0284858335206449,-0.164638702072899,0.327209068479609,-0.00301275051485547,-0.0978405430853554,-0.129201721001527,0.0173287009361513,-0.232187507224309,0.120394287860776,-0.142276927720097,-0.167740838833574,-0.141823297724467,0.24051738481314,0.196650940065834,-0.305529214775703,0.163769134859719,-0.0903813532702579,0.234981244151129,-0.247509778109258,-0.00859672568212934,-0.125452592070822,0.0450182998566958,-0.0723229608234857,0.0268088288305971,0.119787213716972,0.00917356600337263,0.0225894216954257,0.392941778853217,-0.177491753291166,-0.00862301071486656,0.428718259855244,-0.105285133407701,0.144460552724903,0.06927574275656,-0.0263214899348526,-0.140992614305918,0.0175582059632965,0.0431489999639078,-0.0388317758187071,-0.156170151338385,0.0951445994880485,0.00287230878864643,-0.163041594240946,-0.133898682911668,-0.125303669465879,0.0412384182646488,-0.216108210316497,0.0061427632342811,0.142417530120186,-0.0164077068533341,0.0847897457929353,-0.0275681293264531,0.171107049911716,0.0736767113725852,0.0787284027775762,-0.1306433503949,-0.160926566130912,-0.0741493870688004,-0.0472329262674274,0.0544545578373058,-0.0330727246243946,-0.0935600719686954,0.202228850278386,0.116708968870972,-0.00599952872951587,-0.0367810932179005,0.195139169981572,0.174982004376328,0.0828788031766845,-0.040452923503275,-0.0917590668926193,0.162265732740515,-0.265854183943307,0.361965620606987,-0.218326807845294,0.171802626571717,-0.0266560883192345,-0.0657070049778468,-0.0371236853453245,-0.183616526610866,0.103835931232458,0.121814634232957,-0.177382670317534,0.202021651754339,0.0803710534938899,0.0253605866152287,0.0663428723722108,0.0408377457245879,0.188690075413152,-0.279710776318366,-0.00971670758842033,-0.0604288954941786,-0.151801915846058,-0.148628439861958,0.0702988162390458,0.213931362081199,-0.105409476573655,0.0689019177288837,-0.208243561387029,-0.0588145632852662,-0.174460744850795,-0.218360327157056
0.0102973518827738,0.218797245162765,0.00121918227956364,0.0193238565154533,0.0699953415016299,-0.106785856641732,0.127826926942447,-0.117008676628161,-0.0759046742245443,0.329728161040657,0.0557931354358463,0.0714618865249055,0.0881159522539756,-0.147149235080941,0.219244276750475,-0.0509260207386291,0.0329732296766163,0.0445162906079343,-0.312138019678082,-0.336319178871801,-0.131135672962956,-0.303911036619161,-0.0646834113450173,0.0429845610586438,-0.0157184871537235,-0.0782085074103871,-0.0158175023632823,0.355095305104272,0.099421159300635,-0.0115505883431802,-0.167493136078564,0.0681173749519436,0.0268814774955629,0.0375439326102189,-0.0185299957141279,0.0200942945312795,-0.145332526162028,0.0632721905279111,0.0769989679565852,-0.127676396981332,-0.0418171517210884,-0.129212655343328,0.0920230746470489,0.099732887438578,-0.260435765234033,-0.081164299134744,0.111163964071285,0.00872211856437105,-0.170047814022173,-0.0163946162807957,-0.0529111411426262,0.0745868292283593,0.191190034187464,0.206189936482686,-0.255208513809283,-0.146163768370633,0.00327451476041234,0.089052528139737,0.149886787519875,-0.0811137888968235,-0.0776585870930376,-0.0792322682039027,-0.255016730622857,-0.0867081825631482,0.260355102444854,-0.152599693107199,-0.0669416849267007,-0.049948715020517,-0.0401498566187264,-0.0444728054146137,0.0494617771040892,0.0233607328460457,-0.00919293242167702,-0.146111087360105,-0.200001821701774,0.168014696238756,-0.0697527104757609,0.114233160215785,0.0745958577887151,0.0288432230185256,-0.118014381210248,0.0745213191434468,-0.0272711415140258,0.126659594091147,-0.0821739173320268,0.037821567400144,-0.119863585339707,0.0500794818524783,-0.0951912796605277,-0.102567151329085,-0.0462271936471036,0.0905829110945095,-0.0433638534763029,-0.101421202369394,-0.175963264883733,-0.0211351239460384,0.0668362695651536,0.215812147812962,-0.193904325570767,0.0285133640277036,-0.0257011038619379,0.0991581752114164,-0.220315151091629,-0.208333314009131,0.292034917183847,-0.400367306571248,-0.0174529500062772,0.128128248765055,-0.0854657028577965,0.180566569135198,-0.202801222525961,-0.0690270530794905,0.0316923590994582,-0.0419482287098782,0.1420257382131,-0.0264145982318655,0.197923398353314,0.14931602946422,0.0579518144177308,0.0788289856160151,0.166471725579765,0.163950656802518,-0.0201660458434715,0.0177734160179025,-0.0384163968637146,-0.00575445772917286,-0.00664406341210207,0.116284540021374
-0.109087140286257,0.138851683271647,-0.057929264845425,0.247826086897403,-0.032594175831055,0.0136057420318483,-0.299125304508258,-0.141070603497855,0.109478175762276,-0.0424920195733883,-0.19002841851587,-0.138998294569001,-0.132190628843375,0.0967241828987091,-0.021079580561037,-0.0580570557283633,0.0760420987857544,0.0131174808625514,-0.0930181017630082,0.164470293364,-0.0613788980365431,-0.0486922871047938,-0.00626404522171017,-0.072612262238971,0.00323670640511783,0.023099865362696,0.0658511316098613,0.0540704653125913,-0.206991919068514,-0.0317797430810208,0.111097749437293,-0.0656724806661149,-0.0224142202571517,0.0319461920276196,0.0659973576212309,-0.0471421758007625,-0.00796595710617774,0.0364484207122075,0.0808571349284585,-0.0862314634372468,0.0618636792385461,0.227711009842725,0.100050182390762,-0.115230757296491,0.204457158722466,-0.126878498916118,0.0564533653592396,-0.152360672280272,-0.268064661637239,0.0748392850904424,-0.0788943236509249,0.0150873449637137,0.0516441782769767,-0.0738538497134054,0.143783692906229,0.00218253716689228,-0.0263445683291085,0.0537065737047746,-0.0179325487097835,0.179051174520665,-0.166299466668649,-0.214211884054581,0.190698552234297,-0.070809551607582,0.207401122842544,0.00520429458919092,0.123474885740669,0.0695715708270018,0.190815553744295,-0.341337628357236,-0.0116455885393647,0.215681169733686,0.0488832799447364,-0.340008462795345,0.197208976204459,0.0563244741575448,0.087033288987515,0.0635564492290501,-0.189537477891216,0.110361008876422,0.044225553184843,0.0634611231830787,-0.00595356934138041,-0.117712939691914,-0.24875365371577,0.0213556865125457,0.0751259990268483,0.142913982020385,-0.0885370325354622,-0.104651953014929,-0.0503160048605214,-0.0414769165688811,0.105024224798046,-0.0957062180418008,0.0049020178128678,0.164272272031878,0.195690464758842,-0.00311127048004154,0.114221144866435,-0.0505996308640324,-0.188439676211996,-0.00792881848247305,-0.0454008362277836,0.111854874130915,0.132454095020158,-0.149508335510175,-0.0685123467500006,-0.0353928039496439,0.0574632647426352,-0.0125478243277876,-0.169077936498321,-0.0495578664170583,0.193492510050034,-0.0538483991327339,0.045305722776981,-0.0279116787948191,0.214523066689927,0.0632333120093838,0.0195264009209149,-0.152381534428002,-0.0179859871621497,-0.0682102917159434,0.0528319847123898,-0.24710829387274,0.0715749036112945,0.0957051364562997,-0.0120820506178615,-0.138834153708327
-0.405773988215502,0.320727652510506,0.0709200686049873,-0.045110141715391,0.0653834635203599,0.0621452908878629,-0.0932808633892715,0.0463137442792903,-0.24515203504136,0.0968229386490765,0.265427980511245,-0.0684358131464139,-0.111381312581152,-0.166589266329188,0.0199334062634475,0.362539824067196,-0.167888005494282,-0.0215739925426699,0.1585247755913,-0.0101569829359825,0.00209421304901332,0.188292599103357,0.00746623616233549,0.150779854991299,0.183753346862113,-0.0294304321161895,0.26181422780462,-0.0156430443872664,-0.219779335864185,0.356364510701415,-0.125971125968826,0.0347077656496506,0.125182179644667,-0.0348270486445209,-0.132377817570219,0.10837311382072,0.0650759700076165,-0.0927584284645304,-0.168180492563683,-0.293236014744344,0.0658662805400636,-0.189837353252397,-0.166963226986446,0.23631276208305,-0.121557127269968,-0.0208279924727551,-0.138791933354228,0.0201543490381457,0.181767666217946,0.113352621879766,0.243163932056183,0.24483356749567,0.150351465862939,-0.126649091961438,0.352648751465,0.0285424796187524,0.323711242653364,0.180072735461633,0.141524463542557,-0.0908502480530703,0.0111040510309904,-0.169461992284943,-0.240662970537126,-0.314443148909907,-0.0123864215865281,0.0256684218383733,-0.0118884412364487,-0.0784151092292551,0.0763425123422486,-0.0802760187021879,-0.102165859490223,0.204680030922297,0.198239415957371,0.292214689032116,0.222208804958294,0.174635244077417,-0.115377602326769,-0.0104283739752579,-0.165621495291447,-0.328850105076407,-0.222255918460488,0.189001487517312,-0.112465366970456,0.186045112462624,-0.0673933493214822,-0.131548710238049,0.00561351393741107,-0.195280295337687,-0.0320775632437599,0.260675164285089,0.383029410738033,0.116702966163363,-0.0422319543358433,0.0146818223288906,0.0413484197327568,0.0671248269905454,0.136551573759862,-0.175646207605112,0.228284928565696,0.017904700206906,-0.00354926865986544,-0.124480941036768,-0.0068456247292138,0.278983463508176,-0.0676076740335997,0.0404887240043153,-0.0509441984204423,0.0540717492757955,0.0242870308254894,-0.0338623988464206,0.0706001530952692,0.0535572258527385,-0.112528810747359,-0.123017147394951,-0.0247634869946497,-0.285960350889618,-0.147252595242381,-0.074759765022338,0.191401584228669,-0.102311613345825,0.0745392972075363,0.0661257934375778,0.477987369981563,-0.276482916468155,-0.0483654151779737,0.0534964209847497,-0.148794635835724,-0.238852056419828
-0.120330262532324,0.0449036608953297,-0.0876316267174047,-0.0447094014962018,0.226466258814728,-0.201612618242636,-0.147962456444748,-0.0861935816423584,-0.0127123912828193,-0.125092765254587,-0.296751624027811,0.00767795174539668,-0.268322188769732,0.0840044422088577,0.035528517262382,-0.0367579843557646,0.0780625382911035,0.00125311947394886,0.136785288967528,0.0490624128341085,-0.0891015083914406,-0.0261373802923433,-0.0819442122075119,-0.100550516601115,0.256302655011786,0.0353279647696106,-0.0181747042781233,0.0909281387399179,-0.0924621666974063,-0.0978874788880481,0.324766561485413,0.0665993584365336,-0.0213106203784124,-0.187342302017855,0.0461761073947099,-0.107662486814998,0.020607055185061,-0.0235721945825675,-0.142352290940735,-0.207235960802145,-0.163626277799639,0.334892855584534,0.0263059039537283,-0.04735494104166,0.113080334080632,-0.0195882209216019,-0.055667920764116,0.164688519197539,-0.0645659206764328,0.0220851862117359,-0.0782437593799407,-0.0291608417906219,-0.00743693676179484,0.219239685352909,0.0693778021654837,0.069659080489999,-0.120372170374176,0.0808222219581236,0.0962171911181276,-0.156144913028768,0.0136493366694058,0.0322583643833813,-0.42942900070004,-0.134287474788019,0.183634757977641,-0.128870925567393,0.173619727922042,0.0207006023927207,0.0390176102130024,-0.157238471814941,0.0527893597541633,0.169214716319381,0.156564744796689,-0.118980317238336,-0.0946558545520593,0.225202664859129,-0.154320355731848,-0.0136310472523072,0.275342405934844,0.115331860757604,-0.0142871598067776,0.050928078944515,0.0576409552317258,-0.0089822001078474,-0.105167447370882,0.13556836727177,0.0718353607032928,-0.0654743688727081,0.135735915512972,-0.108184268909518,0.0757242372579949,-0.00988831405758396,-0.0344077864596484,-0.285485147101776,0.146992866590413,-0.121091033886693,0.0144075866914061,-0.0216616625805185,-0.0942897900848565,-0.103225057158411,-0.0768005684287198,-0.102626435275654,0.23534375902932,0.0371090267564846,0.18152389037508,-0.203385742873922,-0.0462126379171968,0.180905826639418,-0.204990555092476,0.0566675751994654,0.0788372971707264,-0.0848511908143377,0.051408329000291,-0.309126436093579,-0.0663651725261888,-0.171608259002324,0.0401285635606165,-0.124250744116036,-0.149315391213802,0.0802477309261347,0.145200788832821,-0.0135505986507646,0.280403002393741,-0.0151528071918988,0.181774449285206,0.326512720882493,0.12698311721057,0.245872543301561
0.0734869213938872,-0.222813323124321,0.512623790331047,-0.0413894427374554,0.162639533093833,-0.167542774668859,0.128964611330044,-0.114824062001692,0.0669383231113078,0.0805240901145935,0.028915657683067,-0.0379449243851184,-0.118534588106824,-0.0581125621117188,0.015023019534928,0.0862108967417932,0.182928697537224,-0.152821089082668,0.0773383334555377,0.415999161453699,0.0456224619029673,0.0679431137360215,-0.0217381816523762,-0.0156886244019318,0.170517653956467,-0.0730232089846902,-0.158593700326634,0.344119584894166,0.00533151069083132,-0.0611045757540679,0.315236432780533,0.245457497609253,0.298422713998723,0.0355817899729083,-0.00209624466004215,-0.013483027873201,-0.0941182710951723,-0.224347449904044,-0.0103613218063767,-0.0679779354157005,0.266185962926845,0.209046696274249,0.204037420551864,0.185362187146796,0.061676032500357,-0.0377700463742573,-0.0537525304511558,0.0138968898323678,-0.134877462741358,-0.098056753868967,0.190685758897482,-0.16975329818248,0.173267388720197,-0.084700516309776,-0.0316671960777149,-0.20854394318993,0.0376765100928103,-0.0635315833196926,-0.101414428806102,0.0324144249761752,0.0220961236665356,0.0360146733406988,-0.067347548735599,0.183846747305178,0.0545569255050237,0.113443367189022,-0.191496787947801,-0.341462751888682,0.110564688050238,-0.0623304429319917,0.0961967700767677,0.176620979201323,-0.154320200159622,0.0253577843097569,-0.0350174917159489,-0.0233631882760785,0.0134341575516023,0.012595575880983,-0.0260837991128783,-0.168389709629384,-0.074995816231091,0.170437450021465,-0.304573178114205,-0.220787191632373,-0.0908746017938789,0.001590096211018,-0.188364623144772,-0.0343938050672771,-0.197624113507211,0.082333010951534,-0.0358205057853441,0.0373647130977411,-0.231063171595365,-0.183066391177666,-0.0141163737015132,-0.105075658831217,-0.25973252267889,-0.00552067633756637,-0.0076564701612199,0.0990573173536475,0.0159477074496891,-0.0143199658464195,-0.117035940925773,-0.0303025650179268,-0.0719922511079086,-0.0380448756358184,-0.0165539393784673,0.0218071337571861,0.157117215725755,0.194435458012903,0.14583672075346,0.237751369631475,0.00948084832326901,0.000415881698801521,0.151532816032783,0.176842729999607,0.0119498120838083,0.10360045836988,-0.135875191829861,0.10182780667968,-0.362252555942764,-0.229035400467114,0.0158059857437953,0.128114048622188,0.0894886753497184,0.0603597021852094,-0.0900330163610965,-0.00233782388179939
0.118454063175447,-0.273460650073804,-0.0781909621369001,-0.0181229919570053,-0.0826068891728034,0.115559600259832,-0.0415345565350096,0.341010468856591,0.0314437289842969,0.0454394902518558,0.0878445474824547,-0.136707707384954,0.169472748678724,-0.0342649319804963,0.0644223564482869,-0.0308876498423798,0.162875693665892,-0.0471065696512875,-0.158806049082166,0.0765016797530507,-0.115619843876841,0.0711753411028858,0.130304526976795,0.252456901317245,-0.0919151054020616,0.00132674432334122,-0.150742681536274,0.14297501264391,0.0962062865950444,0.0572222031774537,-0.0467742419548522,0.164224239730814,0.0226547590214958,-0.148828765577587,-0.128435317029783,0.0401165888440693,0.0755387698089514,-0.0645473290382921,-0.0732706189286477,-0.0348966946329185,-0.0703942059841389,0.153879677228984,0.132177415842577,-0.219808347013384,0.199194498018842,0.027303731675351,-0.0774635126808707,0.00726573050603252,0.197883766763543,0.0640780265037573,-0.214357958786243,0.1463031983531,-0.046229185238993,0.255882466372008,-0.135616287057274,0.208451262698027,0.146953038339454,0.0898736179064153,-0.023981431209674,-0.0438782375731717,-0.00582247519090728,-0.236238326020096,0.14744158731876,0.232457648306432,0.0972046898974986,-0.120162039519234,-0.0461656179042562,0.149509491210456,-0.257053677332147,-0.332658018166736,0.0669496615375914,-0.0310857532025782,-0.00573031429937722,-0.025265878371232,0.16782303228531,-0.0016484106595537,-0.168822680718638,0.210846059246895,0.155266987424316,0.0206338361817718,0.130671778154839,-0.125948417004398,0.0499896624973003,0.042868200893023,0.0244421036401821,0.0338028226742275,0.0364753802667251,-0.179650330343242,0.16281780333657,0.193799702625975,-0.0929655873763371,0.0274732549640001,0.0288166405298831,0.251026469444992,0.211496605503196,-0.131504677691757,-0.0865951519806511,0.24459944837838,0.264713299420647,0.170060560565064,-0.0199323400449384,-0.115607963935791,-0.231570988946353,0.137468933657953,-0.0271912978851367,0.098249087934577,-0.117518717189259,0.225347375249393,-0.21678883018465,-0.0344866455640494,-0.0279940499224026,0.193415359683045,-0.0338081363082167,0.131868467415821,-0.120958741220663,0.171353585708784,0.0650984376293937,0.0796100435051903,0.0316228284007115,0.0574915451448271,0.0464803625802272,-0.0534856536072399,-0.100651755811384,0.314253081074553,-0.335881019945071,0.212179803690999,0.127534015590231,-0.0345944080853339
-0.0165172585263144,0.189304452668222,-0.105312752862313,-0.17331045375775,-0.0115979907937016,0.28916442674755,0.0872093331477748,-0.135226968232786,-0.0570457105987292,-0.0160528817995511,-0.0971396554875179,0.264747319822372,0.243317255111275,-0.184685473588974,-0.193291893027617,-0.25655230515856,-0.0744127925849661,-0.0925232185187673,-0.180207276354374,-0.0369991963446719,0.0796974163827742,-0.168807135424898,0.142731325047176,0.136836452116292,0.14382373635763,-0.129351939677761,-0.314994432810181,-0.0588706480186114,-0.0119290500710938,-0.114207850481574,-0.018396806717215,-0.0910059520655101,-0.150339174787036,0.0668811322130664,0.277640450793439,-0.173657211955794,-0.176033810672624,-0.245428058752571,-0.018863401428456,0.298560391953096,0.0246950640828726,0.299192779013835,-0.242885553363087,0.0885570392348732,-0.0958002828588539,0.228085332106954,0.102784038628067,0.0124904278342807,0.114472225233481,-0.26193209231367,-0.0661505987039167,0.147956419405507,-0.0271699544008163,-0.11842097895861,-0.040468452357008,0.0727334025195143,0.161430597679299,-0.0612183122508803,0.120658881011147,-0.0851651262384693,-0.0628677911190526,0.068864262571877,-0.0386563508898462,0.184736437375266,-0.0935769437052374,-0.247604630707534,0.115239971237419,0.193510157379018,0.277747006730766,0.0291582264390733,0.082803691457953,-0.07579243108355,0.271559197552341,0.188071093454675,-0.0251066990919547,0.0841124533169244,-0.245021480030223,-0.19236503672737,0.189476479355077,0.0413783513260931,-0.17057074176476,0.21740067725428,0.193188177743339,0.143834870211895,0.164332386307801,0.0708348211487193,-0.22875007078975,0.236337752611643,-0.273535426911577,-0.00248628260394996,-0.0500562424993586,-0.165344014735628,-0.0657958533873334,0.199481511753438,-0.157815667335334,-0.0685998235924999,0.0264234273804237,0.112243374359475,0.0236966374484369,-0.0430811195550235,0.177594380116019,-0.0809852064626758,0.0300933529186614,-0.128619746054682,0.119223945204476,0.132927996253921,-0.133883415172455,-0.0230761832982313,-0.247640027747693,-0.181727482371194,-0.0745164337775334,0.158549527844225,-0.0616486606194859,-0.130364777720989,0.0713259902491334,-0.0352446666315199,0.0300887760343927,0.091337222099495,-0.0662213818260274,0.24218073135886,-0.0593586009241057,-0.290678375222881,0.234898709670363,0.250175331351498,-0.025908083339173,0.0373633818743722,0.288363708228037,0.199249416726756
0.0651900567035728,-0.236540756630689,0.142748520394766,0.0785887770214595,0.210895207710716,-0.470646575850574,0.182354389556411,0.225493082944663,0.263984178750426,0.107539084724854,0.0627578490658343,0.0950501282000756,-0.171934159527494,0.335488146501578,-0.00697662185835378,-0.139272517502123,-0.0347929184948721,-0.157266772653052,-0.0533434206956239,-0.0501234680869469,-0.0814466297161756,-0.0813976933431718,-0.0898585575094531,-0.185820749537916,-0.0637975354935468,-0.0849411550689776,0.356428629010541,-0.144551760414595,-0.126677035498742,-0.142250995372507,0.0808368683312688,-0.0301446551276802,-0.0969705460446825,0.137885232116329,-0.0510015745989911,0.102664332435602,0.33997304718034,-0.0433940613848453,0.0558745413053015,0.125121733142644,0.114396240785453,0.331902339561965,0.0820467197459473,-0.0799025606453551,0.0412937740030138,-0.208779379588671,0.194266440901926,-0.0778982874615144,0.100224144473367,-0.0559183862910782,0.00521419622346536,-0.086444120554848,0.356997601902065,-0.362171862969329,0.136546135609424,0.234060852034407,-0.119760518843902,0.283920160924962,-0.231019707398037,-0.00895871062611359,0.264331866332483,0.205125864668361,0.184652179105908,0.173534257793052,-0.0754337826174721,0.0868470623924159,0.150550245951138,-0.227195878436968,0.0862327791712908,0.173679503995806,-0.0586379556527454,-0.0661250161153892,-0.0287490528911205,-0.197270969746143,-0.167517480965126,0.10232735349985,-0.102486796530464,-0.0461127377502795,0.22219991241812,0.245397273417386,0.0721464380691843,0.240470620815831,-0.224517517037817,0.0736967423234027,0.21911883728555,0.010569531237741,0.291156683184026,-0.131841185218377,0.0933217467912659,-0.163963731183806,-0.285554631857118,-0.0183753120108633,-0.369682364671876,0.086150234182806,0.0349353103179551,-0.305846916299194,0.421305313420825,0.271312751005002,0.206684179680579,-0.362700723559986,-0.100299015815625,-0.0225708254345575,-0.0379625621802888,-0.035405986655267,0.200501532889214,-0.0250084379738893,0.147463544547791,0.0199205503841647,0.048671517836217,-0.0342555642243682,0.110052894228546,0.171308443661664,0.164516624781274,-0.371934040717928,0.194361640473403,0.103819608477939,0.21707610012425,-0.165150627401195,-0.0922100306495649,0.0996403599610905,0.20620148269034,0.237240902107523,0.311266936912329,0.0152915083248584,0.0296829805214024,-0.162917204430258,0.17998610166979,0.104655897818938
0.265192747985469,-0.0178659767250038,-0.0879387751467431,0.00139322425157358,0.155978477487171,-0.149632526186412,-0.0121253641904533,-0.0342993763401839,-0.034823914367499,-0.0525633262372831,0.0270095667879172,-0.0425038800212042,0.106941403670095,-0.0868678837776988,-0.00158521800239204,-0.134498036958518,0.239272284333338,0.0777931265347162,0.0882139723186469,0.171745096964175,0.024030984608723,0.106655867535679,-0.196143860617494,-0.0791600677921722,-0.0649160898245104,0.278619027176123,0.0752462548102783,-0.157652678495971,0.0232087824265275,-0.282838953820821,0.121504963736329,-0.0267828485984666,-0.154524857249686,-0.00690592766837565,-0.118918655325569,-0.140228709250736,-0.143315827187267,-0.12311061381018,-0.0847096125272247,0.024501272614585,-0.0524884826047954,0.054317027061546,0.00121772928556311,0.0136497630823969,0.010732731480505,-0.17626364099039,-0.156277411775911,0.131842028054937,0.156959212239564,-0.253927531136012,0.0369146837542225,0.0608094314125793,0.00777955235631313,0.0936254230284645,-0.0448036175244085,0.156998389657399,0.101683356374739,-0.226946027555457,0.0129030117706392,-0.0883591818230698,-0.00625744068038791,-0.0674594599174317,-0.192433333101619,-0.184576259752614,0.0120400388985398,0.0128712392472082,-0.0297767549469664,-0.103522995648376,0.400862494498639,-0.0233590970458588,-0.0722923343204373,0.036486570010112,0.171444563222141,0.0822207215367789,-0.0874706922522869,-0.193520676042882,0.108062235757916,-0.0689366607966558,0.12510283739774,-0.0527521446103335,0.0561270407841486,0.11627304167066,-0.0564356379707824,-0.141924609012897,0.0222772589224885,0.0194222107349019,0.139865601098917,-0.144290164388037,-0.154761891319324,0.17615058907131,0.0455896064734863,-0.0527227625662773,0.0731866277126273,-0.0151590492433775,-0.0582488124919334,-0.12691025886228,0.0721646008171799,-0.127489214850492,-0.049623726573621,-0.254891105051245,0.06901093402213,-0.0212111618354436,0.1555848884711,-0.02655864894545,-0.0326841056150811,-0.305397080910326,0.140557780554633,-0.190402096307727,-0.115279895724286,0.0932355477130498,0.00109519635451843,0.0215910922255871,-0.0426757768941599,-0.177560524075882,-0.166758108256016,-0.148031030335481,0.185813050924893,0.0613037094924195,0.198119847671191,-0.0751797019327589,-0.0171831500790871,0.0655105856276968,0.411450950916281,0.163674619902905,0.131964597800546,-0.113748441200777,0.228356001433069,-0.112224387921245
-0.20438962222077,0.147141483885944,0.0605069864564959,0.0957782701324075,-0.0205383288077884,-0.224667889715951,0.0240742839908236,0.0769230051585135,0.0393458936752659,-0.00298045562099215,-0.0749800640112288,0.032107783809971,-0.01112387732505,-0.032802015309306,0.00570183225669183,-0.0365922634371606,-0.0531059225936067,-0.158585983009837,-0.082494893870842,0.0950562599165932,-0.00718926621166777,0.212731609858879,-0.162992916207376,0.134266829448037,0.0797993532992353,-0.0455860752789376,-0.00840435588267177,0.133755367566314,-0.160867476431396,-0.00234078933433714,-0.128520844404071,-0.237435459809048,-0.0660585008045291,-0.101283029776504,0.129240042044164,0.0197581347983411,0.00172577598536472,0.00299079512945272,0.0228848868557851,-0.0322675638333149,0.160242903557312,0.0956777467498611,-0.15294217847387,0.0726263414859781,0.145610349102621,0.0907877827478013,-0.0501481268574639,-0.0906740557025591,0.104628597595242,-0.0126071525599428,-0.0841581978729009,-0.0182189695915141,-0.15654076275917,-0.148825457252374,0.142963377555469,-0.115879559567598,0.251285272506602,0.0215603933875761,-0.100702857461296,0.290759174393665,0.145092331538764,0.185726533293134,0.098188771053765,-0.0559573885234685,0.0205011460308511,0.0335562069239151,0.0224232324336269,-0.0710542553574929,0.267120987715695,0.103905118753537,0.0833917770949896,0.0842016979392826,0.114268454902265,0.134022784665894,0.0601228497561394,0.0574020876290511,-0.0779205085473549,0.05845870187509,-0.15426167040819,-0.0881607801575307,0.107646633133577,0.144482260529303,0.0184656088933934,-0.0298546260711511,-0.134985821778581,0.11011515572816,0.20761657534538,-0.0814141702533161,-0.417195603883846,-0.0030172184303574,-0.103405922202868,0.230449228978431,0.155423273160868,-0.0765159199835227,0.242853646117188,0.355370790401605,0.216314174293103,-0.120166457353589,-0.328981907459456,0.126228978998722,0.0805643487656987,-0.0756037661017447,0.0329737551146726,0.0879651344661885,0.0755611866772827,0.0892068964283989,0.0985780546394639,-0.12128725110638,-0.0804180718671283,-0.112912499812267,0.177547783706775,0.0224201373153583,-0.134718287310013,-0.205950585255064,0.0526559237849292,0.0326031769851674,-0.00433573458279783,0.18277160154348,-0.10269105222649,-0.00552028872976846,0.185862578197097,-0.00501863387819958,-0.19597737494882,-0.0539197052608983,0.148326468865,0.0599886967674663,0.031489436801306,-0.058165036430825
0.00209162723800082,0.0251288826517317,0.0768486998922026,-0.0407658680466043,0.0233802840225215,0.0389186323800896,-0.166774338463533,0.00851989640866559,0.0539700359512864,0.0763984078610074,0.0861713001233087,-0.142254667631095,0.0210395208779186,-0.133303076666413,-0.0389351826357106,-0.0308755922839406,0.157158145221784,0.0936353423852293,-0.0330437195622875,-0.258886685685572,0.0955599993928391,0.0822605723797632,0.23302773809653,-0.0253814641139211,-0.0764380516233542,-0.0655919750697645,-0.103759170738364,-0.0953144026382235,0.054032433256097,0.0143680454695096,-0.0147557736020583,-0.073847598349059,0.178035716706637,0.172143922313641,0.265674773359791,-0.169984195691756,0.0513819046783717,-0.0464228472186415,0.0802693327494956,0.0325420128428114,0.00616692280377365,-0.0890615266926019,0.082546501989196,-0.108416805513481,-0.0919078100165039,-0.0441654824036389,0.198815483611735,0.10551909375459,0.2419157709569,-0.278733978722846,-0.0524199164167428,-0.0674380379422151,0.190728336570999,0.0550815915795984,0.108023208795354,0.0643978414368177,0.142863645125146,-0.0959308733515811,0.266610243059107,0.0858895362302629,-0.209061190481174,0.0021215260079696,0.12614921185917,-0.0443228104653416,0.0544417120318665,0.0176892704971465,0.0334481196236702,-2.75936800384523e-05,0.110729214433425,0.342582356719037,-0.196146465475128,0.0528070839089577,0.162996889117164,0.183381470062572,-0.341062496094348,0.0711443406428953,-0.086289056978508,0.0627166385237638,0.0680509934771221,0.164058734242438,-0.141787076373056,-0.325655585743039,0.0907977955384522,-0.269434172853834,-0.142939444545985,0.140541454816018,0.265135255212689,0.322851404003131,-0.0721804132947374,0.0506542591935373,0.0578840094544786,0.0768822328637251,0.212754526776022,0.0370978895033624,-0.00700993478778245,-0.0489364884929104,-0.194907679903227,-0.0300688925279202,0.0643835698029277,-0.0298140058281065,-0.127897169247005,-0.153247513006779,0.322246244210808,0.0382648668409094,-0.0349035672831127,0.139992212591641,0.0966821445503012,-0.118841193184373,0.100728826276403,-0.0318207529052741,0.0218188124757198,-0.189828158802971,0.0914970594607814,0.0407479337091948,-0.161732782427952,0.135615732408592,-0.294119117506076,0.114668568363577,-0.130036468968419,0.0934210758649609,0.08561241549059,-0.0182697817887159,0.00174362483602383,0.0762660023753048,0.14544188343054,-0.245410972432348,-0.0624930971752161,-0.00225413772193674
0.176883576386052,0.281426030608909,-0.283975654622837,0.00828925467716984,0.3653280369077,-0.0780162506162385,0.0384957313997045,0.0515853436393916,0.0327397290328725,0.0842815213402304,-0.0234259318051011,0.180442421154967,-0.0304170390804039,-0.181186627733949,-0.0640504632886472,-0.00873584445106594,0.0994406220304488,-0.0291290352667354,0.0341314922891876,-0.0933658580223016,0.146919419694497,-0.04030365637394,-0.0730921897706763,0.0754412358662898,-0.00730868719205981,-0.0176381486192023,0.15120167156286,0.177585440231589,0.0754313081739684,0.18250526391559,-0.141788313723111,0.167880969036672,0.0536200858076345,0.043768454184201,0.111013765057264,0.0490135752273154,-0.198461579926146,0.00492396911929675,-0.359138672451921,-0.0851632804472323,-0.238078265403779,0.18916455599135,-0.109891857238696,0.481168852789605,0.024974171183425,0.0531893333275738,0.134325774354536,-0.104369221471555,-0.0544022709409211,0.18872550852169,-0.297032969027521,0.00622717095564873,-0.0230925179725529,0.00148396918510487,0.214126550556177,-0.366634046480082,-0.313293336367454,-0.0840161722369085,-0.112907695727788,-0.0230244346681196,0.23854598059725,-0.0467343128670249,0.0918741873023635,-0.00276769194081646,-0.068161105600889,0.0397812407899216,0.128342615381492,0.0710922813912867,-0.0359140633869971,-0.0817419218915107,0.256432689334281,-0.0755513700670585,-0.0876553387093172,-0.161653138745102,-0.053211807406373,0.132265198175616,-0.0287719003638316,0.106418230682207,-0.017709575597355,-0.00237153025331349,-0.0639286900896057,-0.0173931333031074,-0.0520769781839732,0.194366602482474,0.293746024844775,-0.0688311141331951,-0.225764736371841,0.409561318008452,-0.0298214223314984,-0.0779134168929547,-0.21052894563207,-0.000178010345518788,0.0489908401259969,0.0213064710205469,0.0918906413501762,-0.116981004659549,0.0599171732838178,-0.109737883282361,0.179151838140906,-0.389132599522636,-0.0233055321511723,-0.0927189002600699,-0.33782608596461,-0.07089780119525,-0.103742059577195,0.277162715473526,-0.169551276173675,0.111765891742409,0.106835958298896,-0.288185223677469,-0.318597775041879,0.381420847734201,0.168427765997932,0.143590779271937,-0.242738836800132,0.0897084901222713,0.19690018838116,-0.113313475553852,-0.0631433083698816,-0.0508647165618396,0.160350832777047,-0.103215991637638,0.0514877268930509,-0.201989856557842,-0.139321071115323,-0.0446009634254759,-0.00317695692143903,-0.098585767898878
0.2620771504445,0.195626347551825,-0.0833971131810705,-0.364003521407246,0.202616980938687,0.0100603274709599,0.141277400819343,-0.101510752533437,0.0616972268056597,-0.045777633164522,-0.106736373965522,-0.155406721904435,0.0269682259094071,0.00863163219251943,0.161485691004283,-0.101952617145142,-0.0216845697872928,0.00931418912735391,0.265841391618527,0.340436670534042,0.160460347615162,0.147547485121229,-0.117089154364113,-0.128582381643167,-0.0151523416559849,-0.0772618444079294,0.0196231001564886,0.124014044849,0.0759962214420522,0.186162003957523,0.160217083681352,0.0968271807888258,-0.0309649734045084,0.0689756869388518,-0.116791811226072,-0.0113715425471992,-0.124403399187446,0.0107961774798545,-0.0787707871481613,-0.278587155429269,0.0578437410884593,0.220489180366593,-0.049898370452589,0.0819140070122645,-0.0821019993059388,-0.0107631310046951,0.186810457956098,0.176903520977065,0.0854095488846044,0.326655078335429,0.256448016571767,-0.0710860134391362,-0.0456747586846617,-0.208652431934807,0.0436392698163487,0.151092374760795,-0.117075402931414,0.0825005689920541,-0.195102080187449,-0.0228962186459483,-0.115052140789858,0.00120185096868264,0.0300220979221517,-0.153401257016438,-0.0106739790037746,0.0883983061727267,0.0408741230112899,-0.280036766057022,0.0343814102685875,0.129170456523759,0.0676078187381308,0.0166796539974062,-0.150346193555024,-0.0602066356142174,0.0201058956941103,-0.0251624291867142,0.199081473470213,-0.122159081215889,0.109857568781092,0.022197240750453,0.025690891657133,0.276293313241489,-0.00276062395519678,0.00960618139927667,0.245643211380319,0.115099219838055,-0.308805972821334,0.0647920843361281,-0.115615462076918,-0.0610773215101927,0.076633160065688,-0.328684561509393,0.0548575647703502,-0.0996399411168616,0.0140442029409589,-0.0665399327300851,0.257904452915721,-0.0750294233763016,0.195639540794148,0.0138087131960829,-0.0503076593047065,0.0607055750396472,0.246269978967601,-0.119800191801077,0.0677863987464886,-0.1455735331395,0.0555249674365361,-0.312586081205497,-0.172838284878072,-0.00528781652855703,-0.104327784303076,0.0448025727933024,-0.0754463691545937,-0.364603756851385,0.177416976207868,-0.138916994825015,-0.157684842381637,0.00359899545887956,-0.327053076058706,0.0211709823953687,0.0676247705847291,0.132414365781973,-0.119140131691637,0.191549276929506,-0.143033212962168,0.0102432258005006,-0.0859742724303993,-0.165627525380903
-0.199397387357138,-0.0713383380753684,-0.0561232822863668,0.122363516249205,0.0127768686679307,-0.042987551301439,0.289281046972583,0.0620952806377907,0.0110143249724643,-0.100034880760101,-0.117576482231764,-0.0638367284287747,0.0518305980747773,-0.0216286429770937,-0.393572988116804,0.0958975198308496,-0.0854748602279942,0.0803075519823379,-0.0445324221818534,0.00091024798073854,-0.128823439809849,-0.0916732378955412,-0.0747833492595117,-0.165679126717822,-0.117032264510471,-0.044874575228765,0.122411209822299,0.0488080247521136,-0.127223766275447,-0.375300377845296,0.1383972948761,-0.00548720148221314,0.0443528877696814,0.114895160947141,-0.0534793576212737,-0.0897186100803829,0.175987238682095,-0.0190539838281893,0.110977544041025,0.00653894225674741,0.0360105473783353,0.0694957615546648,0.263039919145963,-0.114405660690441,-0.0280203332504056,-0.0605322900842182,-0.0939862498238602,0.0633922838115882,-0.0992488722082741,0.00365998415432446,0.00596857038666477,0.00392827183490919,-0.120355151623614,0.0575997767429905,-0.245723829451659,-0.0427503319218892,-0.0728861604608874,-0.213181301768699,0.137960094204636,-0.0829496347157698,-0.0865579415464707,0.12781049449119,0.059737718332962,0.0220496406708374,-0.0928078545856388,-0.132963157749337,0.0155868177621175,0.145401912802458,0.0984369796917685,0.0079392071960853,0.0898066133479088,-0.171022112283462,0.123426024788412,0.0178084630808408,0.247857579482539,-0.025294024538972,-0.168292692700131,0.15150683635061,-0.0160325213490071,-0.166861279754333,-0.08624729169041,-0.127141210559889,-0.0442435361510232,0.15882207275558,0.158654726609367,-0.119274556480175,-0.0143430884127504,0.0530500872393751,0.0270411769163523,-0.0764875418862092,-0.186049254810292,-0.0873757875315752,-0.291642244297664,-0.0434756202637412,-0.044910341777326,-0.0716904942733137,0.0841949829336902,0.0420314055610441,-0.104321952226642,0.0704127815872629,-0.0103260340778643,0.0643917967814056,-0.0760230333371016,-0.127680858803909,-0.010579206102856,-0.0606430417451966,0.219035016501894,-0.0323482993339439,-0.221825774261951,0.0158543462725478,0.19766342150788,0.0115039279382756,-0.121663287519585,-0.213451006562775,0.183030773397978,0.000274079884647868,-0.208040275932033,0.0114675863018358,0.101160156319861,0.00813900078340558,0.0245974489939921,0.0544936838706107,-0.0657101270311237,0.0833915056402604,0.347398595878769,-0.0102979436039838,0.0137823848492079,0.150855552490538
0.154036695727836,-0.176491840495623,0.308755539887264,0.159473090641968,-0.027892516183925,0.0223884543589383,0.112491071658109,0.031958204194735,0.0672872862964508,0.00357342663472591,-0.139556885153799,-0.143342823236237,0.118150221151883,-0.0862423838806221,-0.079478093371032,0.0737754499376809,-0.223897243643351,-0.0329594641118058,0.0236343198372746,0.201773123887463,0.121967470772727,0.0197067453706261,-0.046581954748244,-0.0524941567708196,-0.133160861621573,0.062541231809869,-0.080955918394391,0.0370264956410134,-0.0405870477224615,-0.198926688367441,-0.104026415784056,0.155476027578061,0.254384842158305,-0.292549426593849,0.0678208307560339,0.0553982085641895,0.0164515509472812,-0.130255721996527,0.0911993360158703,-0.00433733937495724,0.0859426209007123,0.178760916930077,0.0676611757806134,-0.102822794709667,0.115808382153178,0.033128126635294,0.103390475244364,-0.0901736050360559,-0.149424356673729,0.0319025885305654,0.0382137548629945,0.210252693963445,0.021368062386059,-0.000777688279098621,0.234942493166232,-0.0355597592451105,-0.114313959394397,-0.0575121774017393,-0.00910389398357102,0.0413453673932704,0.000336189021971337,-0.0943477472320619,0.207944641599676,0.0723602931667058,0.251245240052431,0.0214369301471399,0.120121525962823,-0.138944775282604,-0.118101395707812,0.0130567625264039,-0.0315682675224036,-0.0344477956327674,0.058436474542702,0.161035947459945,0.249643734468705,-0.11239531363625,-0.0273530841563313,0.0482272391928397,-0.0937804174790138,-0.0540630983689603,0.0554121007173144,-0.0423379393189582,0.111512317238751,0.165024896964685,0.15537278203311,-0.200161986109828,0.0935791150320621,-0.0338557883556505,0.0437683109594458,0.244871923959862,-0.104892214039411,0.0108710747072066,0.236912609243029,0.0998154008372104,0.278755159953253,-0.0217733522440969,-0.0820461689670395,-0.0385790087927399,-0.0924000556668752,-0.0951161112788047,-0.0848864302132262,-0.0461750197140825,-0.0771292317739033,0.0658462751124085,0.213384100196825,-0.209973886884969,-0.235699066265699,0.102064896236268,-0.0835908701221167,0.00846694041199053,-0.0833899249822794,0.274241546059634,0.0910515888602434,-0.074338999205627,-0.0478879053242889,0.00101026596212373,0.140470914507958,-0.119253682031724,-0.0944194864672086,-0.0161312336110076,-0.189624172499888,-0.28922908165908,-0.115816522103637,-0.0185149322565168,-0.0665093516078378,0.125039412169942,-0.041439798943488,0.0262593289587805
-0.0378337721709312,-0.280560474405872,0.0535455410109259,-0.153596782380406,-0.157495357031868,-0.168900835323577,0.0610187338330188,0.0974791683487197,0.108027634744404,-0.058822880578394,0.174421174987601,-0.00262632999949718,-0.111611251699127,0.00503546448942945,0.0826454812018369,0.334075814604448,-0.197440898318535,0.143427711818739,-0.0130470439446458,0.112316514830785,-0.0132222040427436,-0.175050525124581,-0.0661952445685352,0.038323810245018,0.126382799265093,-0.165658756633868,-0.207472204498827,0.0596093816443333,0.231153352250061,-0.296182191003565,-0.0331097597108734,0.0565483104187462,-0.160318480312893,-0.0239544586297422,-0.178764834185879,-0.129135021945705,0.00386215740872331,0.0629618623935598,0.217264623817941,0.0578212327174168,-0.0799233746731571,0.166492976094321,0.0312117801167645,0.0752253171247171,0.212797865735785,-0.118980757112289,0.344729152406228,-0.144057263848602,0.219391045082498,-0.108010204231796,0.0372178033724222,0.171573286989387,-0.0903054895329399,-0.0167000150299728,-0.252045215605512,-0.358078350997943,0.0905208621966159,0.0666372721840822,-0.140205597535565,0.0618874993806029,-0.0727918682945534,-0.206573023677707,0.0764584417133066,0.180094708679363,-0.127127626859145,-0.141089892164647,-0.0756020925061247,0.167564120822164,-0.194456935914075,-0.0127542101852899,-0.038020011277064,0.0933274850578081,-0.102885676222594,-0.0970565535285974,-0.174334780444094,-0.0459569913652864,0.221579895024485,-0.0245250995606627,-0.164048750414598,-0.0646080221419774,0.0208260197942964,0.122129889737251,-0.024648601013274,0.127067432347605,0.243564047752604,0.114693597821177,-0.0631146187469536,-0.00905723704798911,0.0467964263882588,-0.127752445565895,0.0358054409109196,0.266923553248063,-0.0112277824693554,0.00165700133774456,0.0997709736121175,-0.110926570827995,0.0895902464849672,0.250502210645084,-0.299647511723982,0.177446840202589,-0.226693831784944,0.221714454790926,0.0334166931997906,0.0990943314376415,0.0263392159565201,0.12482848528229,0.028935247560869,0.0617772869968595,-0.155272289843972,0.193777958324266,0.30379180440889,-0.00446759804421849,-0.0100109750737162,-0.0490219188454457,0.0534387731546067,-0.0776928099192562,0.154995308322794,-0.208974297524511,0.225988818239041,-0.0014836321357557,0.00223160810805287,-0.026842212398403,0.131126371914617,-0.0809051296080735,0.129504363604497,0.145104897825206,0.0224300299908017,-0.292203267987806
-0.00971773110716596,-0.277647035667177,-0.10547039419894,-0.172282462778187,-0.0749854802642218,0.0824951512425214,-0.0998349191275246,0.0840232707537972,0.21016781397252,-0.110309374798176,0.107736984180898,0.153652538297784,-0.0239980339124829,-0.131888714708092,0.00835771118454944,-0.222461066474866,-0.00122341403544976,-0.229439611941176,-0.0887460390228527,0.127185867669577,0.111167402923949,0.0907096932467942,-0.159440595042821,0.120062028162479,0.0204468326070937,-0.167416957659001,-0.0214565590466416,0.172478474580921,0.0601787938360252,0.0585863254185289,0.124342470859979,-0.198913588913524,0.0582949604510862,-0.101828912897665,0.0994386901868476,-0.0783702427708596,-0.134119303787979,0.0389220494319886,0.270599130673949,-0.00854306801635136,-0.015594028069653,-0.0128650341977176,0.0872311169818625,-0.298436226085548,-0.0682100703444891,0.0236870746684317,0.0842480775252694,0.0318164328970707,-0.300719352718581,-0.00418369068711422,0.333628823539508,-0.152283950776441,-0.11754194354102,0.0279671249678843,0.0906192388827963,0.246811411482912,-0.167070521736331,0.0629398404307415,0.129904979166535,0.0122242084865299,-0.351047384225875,0.0206050784559274,0.0899653811221185,0.0358431378963659,0.0795960900426476,-0.137442430478331,0.199656113344213,-0.0406633318241441,-0.0321564059706908,-0.318169733836134,-0.139336889742778,0.163545446445324,0.0167136400562788,0.0610957051605764,0.00611702933301329,0.131210923066669,0.0619361592940373,0.0795128406191714,0.0423712554644748,-0.0269265363602238,-0.0455529208321876,-0.182742859159133,0.128654850038893,-0.066529454742323,0.00641871927299184,0.0438896969390632,-0.169991329972932,0.229501936697077,0.0631373145899492,0.0471303820715006,0.0678059567563677,-0.0496365037697666,-0.0442198882298079,-0.150403839908787,-0.145765262205267,0.0702873863498513,0.0516610953224996,-0.118952458123501,-0.146693307477096,0.14246413892809,0.0611241424809325,-0.00736588357857062,-0.289447956809906,-0.166206096565599,0.0431824765946198,-0.0838142623794137,0.263178780643414,-0.224532488600166,-0.191629324794923,-0.185069020677594,-0.132256671581918,-0.0143714876652128,-0.0860191803871285,0.127122929884448,-0.217946142672088,-0.0649914488260933,0.0971868911307402,-0.14263456226101,-0.187822556345056,0.171786371487291,-0.0133787109554005,-0.187156424561104,0.053771813807903,0.135137214694982,0.0284374650736261,-0.0223055257161174,0.176471458491115,-0.195506497280253
0.133004203977507,-0.0602035433290835,0.034927321543872,0.208204814685852,0.0846570500014916,0.265613681456127,-0.0738034434509989,0.103705980980645,-0.244868898433677,0.0626019135737313,0.0652610972337032,-0.288308599449299,-0.319171535013745,-0.0507201497467208,-0.171563048106585,0.0801089061552935,-0.0514227879434523,0.0724238436185503,0.107669757714891,-0.149086224098985,-0.163570594070548,0.0667862076532437,0.115862647451724,-0.0420342067460661,-0.0308458139742348,0.0371168031625646,0.227153736139805,0.0576211943668893,-0.00768069636760065,-0.0195069615565001,-0.0919124503666845,0.0679833328961166,0.00474075017834977,0.0751834371338185,0.246626257643851,-0.117123360270196,0.0812836817374517,0.197275899203045,-0.0131488685344521,0.0252702047553817,0.0934571163371263,0.194216381636075,0.284438876481778,-0.0111373305665544,0.000909482957155058,0.0310922306508436,0.189071979220823,-0.185420763670403,-0.135386783629369,0.243510561095478,0.00919808466357731,-0.0459238330333665,-0.212890899031541,0.113131914881081,0.265797375291819,0.0677977182138594,0.0814974081323191,0.0231707260381861,0.0481172377263422,0.120731462015685,-0.0576431170523889,-0.173016872863984,0.120175958073808,-0.189729962434264,0.160138787351472,0.0197475959880443,0.0240799817184324,-0.0229322148542379,-0.0404642241756591,0.00237479483223334,-0.1591226787315,0.102107282397099,0.138997269014717,0.092871415411703,-0.00442526363520388,0.0433969095465242,-0.204920594723316,0.216996994326652,0.0380241321841748,-0.120688033912742,-0.171527429972743,0.0458122897805397,0.158074828497476,-0.0943786062565338,-0.0175831587799138,-0.0411678271175937,0.156404933602521,-0.178625643602317,-0.0217464497671782,0.129797872662271,0.0586143900559675,0.038188438765473,0.285465834247021,0.0513113704033951,0.0631201820176281,-0.141738789839625,-0.413373800513078,0.124471601628084,-0.28442888183226,0.156619152306771,-0.215625057743366,0.0708959935113298,-0.138275168958201,0.00371736814117349,0.0788226714192091,0.12239645514977,0.00493292425341013,-0.0647746369682183,0.132136744770715,-0.0913152332526033,-0.232732715624231,-0.152161378414649,-0.0343401017488013,0.332441686806045,-0.253100485335891,-0.212899129519762,-0.155250236185146,0.186273175019912,0.0906432678656636,0.0684633222104253,0.0881001142369391,0.161363453673683,-0.0745559039826359,-0.150792390719168,-0.122975610378358,-0.145390670449266,-0.270298239523057,-0.0585925124535752